[
{
    "model": "centre_registry.contact",
    "pk": 1,
    "fields": {
        "email_address": "margarethe.weber@fake-gmx.de",
        "name": "Margarethe Weber",
        "edupersonprincipalname": null,
        "telephone_number": "+00 7777 2222222",
        "website_url": "http://www.fake-gmx.de/cms/mitarbeiter/mitarbeiter-detail/margarethe-weber.html"
    }
},
{
    "model": "centre_registry.contact",
    "pk": 2,
    "fields": {
        "email_address": "katzim@fake-gmx.de",
        "name": "Katarina Zim",
        "edupersonprincipalname": null,
        "telephone_number": "+99 00 00000 000",
        "website_url": ""
    }
},
{
    "model": "centre_registry.contact",
    "pk": 3,
    "fields": {
        "email_address": "martina.navratilova@fake-mail.uk",
        "name": "Martina Navratilova",
        "edupersonprincipalname": null,
        "telephone_number": "",
        "website_url": ""
    }
},
{
    "model": "centre_registry.contact",
    "pk": 4,
    "fields": {
        "email_address": "matias.dudu@fake-email.at",
        "name": "Matias Dudu",
        "edupersonprincipalname": null,
        "telephone_number": "+00 1 55555 4444",
        "website_url": ""
    }
},
{
    "model": "centre_registry.contact",
    "pk": 5,
    "fields": {
        "email_address": "karin.schneider@fake-gmx.at",
        "name": "Karin Schneider",
        "edupersonprincipalname": null,
        "telephone_number": "+00 1 01010 1010",
        "website_url": ""
    }
},
{
    "model": "centre_registry.contact",
    "pk": 6,
    "fields": {
        "email_address": "jurgen@fake-mail.fi",
        "name": "J\u00fcrgen Schmidt",
        "edupersonprincipalname": null,
        "telephone_number": "",
        "website_url": ""
    }
},
{
    "model": "centre_registry.contact",
    "pk": 7,
    "fields": {
        "email_address": "j.s.bach@fake-composer.de",
        "name": "Johann Sebastian Bach",
        "edupersonprincipalname": null,
        "telephone_number": "+00 89 0123 4567",
        "website_url": "http://www.kompositor.de/fake/j.s.bach@fake-composer.de"
    }
},
{
    "model": "centre_registry.contact",
    "pk": 8,
    "fields": {
        "email_address": "j.o.krag@fake-gmx.de",
        "name": "Jens Otto Krag",
        "edupersonprincipalname": null,
        "telephone_number": "+00 999 01234567",
        "website_url": "http://www.krag.de/jens/"
    }
},
{
    "model": "centre_registry.contact",
    "pk": 9,
    "fields": {
        "email_address": "j.neppank@fake-gmx.de",
        "name": "Jan Neppank",
        "edupersonprincipalname": null,
        "telephone_number": "+00 000 7777777",
        "website_url": ""
    }
},
{
    "model": "centre_registry.contact",
    "pk": 10,
    "fields": {
        "email_address": "titles@profs-and-drs.de",
        "name": "Prof. Dr. Likes Titles",
        "edupersonprincipalname": null,
        "telephone_number": "+00 333 22 55555",
        "website_url": "http://www.informatik4all.de/staff/Likes_Titles"
    }
},
{
    "model": "centre_registry.contact",
    "pk": 11,
    "fields": {
        "email_address": "frodo@fakemail.de",
        "name": "Frodo Baggins",
        "edupersonprincipalname": "frodo_fakemail.de@test.eu",
        "telephone_number": "",
        "website_url": ""
    }
},
{
    "model": "centre_registry.contact",
    "pk": 12,
    "fields": {
        "email_address": "vincent@fake-mail.eu",
        "name": "Vincent van Gogh",
        "edupersonprincipalname": null,
        "telephone_number": "",
        "website_url": ""
    }
},
{
    "model": "centre_registry.contact",
    "pk": 13,
    "fields": {
        "email_address": "till.lindemann@fake-gmx.de",
        "name": "Till Lindemann",
        "edupersonprincipalname": null,
        "telephone_number": "+00 000 000 1541",
        "website_url": "http://www.tillram.de/index.php?id=9783259464284"
    }
},
{
    "model": "centre_registry.contact",
    "pk": 14,
    "fields": {
        "email_address": "l.moller@mx.uni-fake.de",
        "name": "Prof. Lena M\u00fcller",
        "edupersonprincipalname": null,
        "telephone_number": "+49 40 428386893",
        "website_url": ""
    }
},
{
    "model": "centre_registry.contact",
    "pk": 15,
    "fields": {
        "email_address": "f.l.gassmann@fakegmx.de",
        "name": "Florian Leopold Gassmann",
        "edupersonprincipalname": null,
        "telephone_number": "+11 00 1234567",
        "website_url": ""
    }
},
{
    "model": "centre_registry.contact",
    "pk": 16,
    "fields": {
        "email_address": "CLARIN-support@gefalschte-email.de",
        "name": "Peter von Vonit",
        "edupersonprincipalname": "CLARIN-support_gefalschte-email.de@clarin.eu",
        "telephone_number": "+00 9999 88 7777",
        "website_url": "http://www.no-site-land.de/SharedDocs/Personen/Peter.Vonit.html"
    }
},
{
    "model": "centre_registry.contact",
    "pk": 17,
    "fields": {
        "email_address": "schmied@fake-gmx.de",
        "name": "Hans Schmied",
        "edupersonprincipalname": null,
        "telephone_number": "+00 0000000010",
        "website_url": ""
    }
},
{
    "model": "centre_registry.contact",
    "pk": 18,
    "fields": {
        "email_address": "clarin@fake-uni.de",
        "name": "Prof. Dr. Sankt Nikolaus",
        "edupersonprincipalname": null,
        "telephone_number": "+00 222 88888888",
        "website_url": "http://www.showcase.de/institut/mitarbeiter/nikolaus/"
    }
},
{
    "model": "centre_registry.contact",
    "pk": 19,
    "fields": {
        "email_address": "hanna@fakemail.de",
        "name": "Hannah Abbott",
        "edupersonprincipalname": null,
        "telephone_number": "+00 11 123456789",
        "website_url": ""
    }
},
{
    "model": "centre_registry.contact",
    "pk": 20,
    "fields": {
        "email_address": "maria@gefalschte-email.de",
        "name": "Maria Joakina",
        "edupersonprincipalname": null,
        "telephone_number": "",
        "website_url": ""
    }
},
{
    "model": "centre_registry.contact",
    "pk": 21,
    "fields": {
        "email_address": "siegfried@myth.de",
        "name": "Siegfried Hagen",
        "edupersonprincipalname": null,
        "telephone_number": "",
        "website_url": ""
    }
},
{
    "model": "centre_registry.contact",
    "pk": 22,
    "fields": {
        "email_address": "zwart.piet@geen-mail.nl",
        "name": "Zwart Piet",
        "edupersonprincipalname": "zwart.piet_geen-mail.nl@test.eu",
        "telephone_number": "+00 00 0000000",
        "website_url": "http://www.sintpiet.nl/cms/en/staff/56565656"
    }
},
{
    "model": "centre_registry.contact",
    "pk": 23,
    "fields": {
        "email_address": "zeus@test.eu",
        "name": "Orion Boss",
        "edupersonprincipalname": null,
        "telephone_number": "+11 11 1111111",
        "website_url": "http://www.goods.gr/people/zeus"
    }
},
{
    "model": "centre_registry.contact",
    "pk": 24,
    "fields": {
        "email_address": "willemvanalexander@fake.org",
        "name": "Willem van Alexander",
        "edupersonprincipalname": null,
        "telephone_number": "+00 6 66666666",
        "website_url": ""
    }
},
{
    "model": "centre_registry.contact",
    "pk": 25,
    "fields": {
        "email_address": "svoboda@fake-mail.cz",
        "name": "Adina Svoboda",
        "edupersonprincipalname": null,
        "telephone_number": "",
        "website_url": ""
    }
},
{
    "model": "centre_registry.contact",
    "pk": 26,
    "fields": {
        "email_address": "sancho.pansa@cervantes-fake.es",
        "name": "Sancho Pansa",
        "edupersonprincipalname": null,
        "telephone_number": "+00 40 42424 6432",
        "website_url": ""
    }
},
{
    "model": "centre_registry.contact",
    "pk": 27,
    "fields": {
        "email_address": "repo-technical@fakemail.si",
        "name": "Jan Valek",
        "edupersonprincipalname": null,
        "telephone_number": "",
        "website_url": ""
    }
},
{
    "model": "centre_registry.contact",
    "pk": 28,
    "fields": {
        "email_address": "mikhail.kowalczyk@fake-mail.pl",
        "name": "Mikhail Kowalczyk",
        "edupersonprincipalname": null,
        "telephone_number": "+00 22 333 22 22",
        "website_url": ""
    }
},
{
    "model": "centre_registry.contact",
    "pk": 29,
    "fields": {
        "email_address": "krilin@fantasy.ee",
        "name": "Kristina Lindenberg",
        "edupersonprincipalname": null,
        "telephone_number": "",
        "website_url": ""
    }
},
{
    "model": "centre_registry.contact",
    "pk": 30,
    "fields": {
        "email_address": "kjell@fake-mail.no",
        "name": "Kjell Hansen",
        "edupersonprincipalname": null,
        "telephone_number": "+00 11 22 33 44",
        "website_url": "http://www.imaginary-site.no/personer/Kjell_Hansen"
    }
},
{
    "model": "centre_registry.contact",
    "pk": 31,
    "fields": {
        "email_address": "joshua@fake-email.org",
        "name": "Joshua Lebush",
        "edupersonprincipalname": null,
        "telephone_number": "+00 11111111",
        "website_url": ""
    }
},
{
    "model": "centre_registry.contact",
    "pk": 32,
    "fields": {
        "email_address": "joana@gmail.com",
        "name": "Joana Maria Carneiro",
        "edupersonprincipalname": null,
        "telephone_number": "",
        "website_url": ""
    }
},
{
    "model": "centre_registry.contact",
    "pk": 33,
    "fields": {
        "email_address": "jan.vertonghen@fakemail.nl",
        "name": "Jan Vertonghen",
        "edupersonprincipalname": null,
        "telephone_number": "+00 00 7654321",
        "website_url": "http://www.vertonghen.nl/over-het-jan/contact/"
    }
},
{
    "model": "centre_registry.contact",
    "pk": 34,
    "fields": {
        "email_address": "j.cruyff@geen-uni.nl",
        "name": "Prof. Johan Cruyff",
        "edupersonprincipalname": null,
        "telephone_number": "",
        "website_url": ""
    }
},
{
    "model": "centre_registry.contact",
    "pk": 35,
    "fields": {
        "email_address": "ivan@fake-email.no",
        "name": "Ivan Shawbly",
        "edupersonprincipalname": null,
        "telephone_number": "",
        "website_url": ""
    }
},
{
    "model": "centre_registry.contact",
    "pk": 36,
    "fields": {
        "email_address": "groen.piet@geen-mail.nl",
        "name": "Groen Piet",
        "edupersonprincipalname": null,
        "telephone_number": "+00 6 1234567",
        "website_url": "http://www.sint.nl/content/contact/medewerkers/groenpiet"
    }
},
{
    "model": "centre_registry.contact",
    "pk": 37,
    "fields": {
        "email_address": "finfin@fake-fin.fi",
        "name": "N.N. (FIN-FINISH)",
        "edupersonprincipalname": null,
        "telephone_number": "+31 71 5272481",
        "website_url": ""
    }
},
{
    "model": "centre_registry.contact",
    "pk": 38,
    "fields": {
        "email_address": "esteves@fake-name.cz",
        "name": "Jos\u00e9 Esteves",
        "edupersonprincipalname": null,
        "telephone_number": "+31 20 4628550",
        "website_url": ""
    }
},
{
    "model": "centre_registry.contact",
    "pk": 39,
    "fields": {
        "email_address": "contact@fake-id.org",
        "name": "Filippe Blanco",
        "edupersonprincipalname": "contact_fake-id.org@test.eu",
        "telephone_number": "+00 6666666",
        "website_url": ""
    }
},
{
    "model": "centre_registry.contact",
    "pk": 40,
    "fields": {
        "email_address": "efischer@fake-mail.ee",
        "name": "Emma Fischer",
        "edupersonprincipalname": null,
        "telephone_number": "",
        "website_url": ""
    }
},
{
    "model": "centre_registry.contact",
    "pk": 41,
    "fields": {
        "email_address": "dicktracy@inv.fakemail.de",
        "name": "Dick Tracy",
        "edupersonprincipalname": null,
        "telephone_number": "+00-321-98-76543",
        "website_url": "http://www.dicktracy.de/fantasy"
    }
},
{
    "model": "centre_registry.contact",
    "pk": 42,
    "fields": {
        "email_address": "descobertas@non.existing.si",
        "name": "Tomas Vasco da Gama",
        "edupersonprincipalname": null,
        "telephone_number": "+000 1 111 22 33",
        "website_url": "http://tomas.vasco.si/et/"
    }
},
{
    "model": "centre_registry.contact",
    "pk": 43,
    "fields": {
        "email_address": "andreas@fake-email.de",
        "name": "Andreas Jonh",
        "edupersonprincipalname": null,
        "telephone_number": "+00 111 1111111",
        "website_url": "http://www.andreasjonh.de"
    }
},
{
    "model": "centre_registry.contact",
    "pk": 44,
    "fields": {
        "email_address": "alex@fake-email.de",
        "name": "Alexander Jonh",
        "edupersonprincipalname": null,
        "telephone_number": "+00 12 34567 890",
        "website_url": ""
    }
},
{
    "model": "centre_registry.contact",
    "pk": 45,
    "fields": {
        "email_address": "christopher@fake-email.de",
        "name": "Christopher Reeve",
        "edupersonprincipalname": null,
        "telephone_number": "+00 98 7654321",
        "website_url": ""
    }
},
{
    "model": "centre_registry.contact",
    "pk": 46,
    "fields": {
        "email_address": "Jakub.Kowalski@fantasy-email.pl",
        "name": "Jakub Kowalski",
        "edupersonprincipalname": null,
        "telephone_number": "+99 88 777 66 55",
        "website_url": ""
    }
},
{
    "model": "centre_registry.contact",
    "pk": 49,
    "fields": {
        "email_address": "marta.catrapa@fake-uni.edu",
        "name": "Marta Catrapa",
        "edupersonprincipalname": "marta.catrapa_fake-uni.edu@test.eu",
        "telephone_number": "",
        "website_url": ""
    }
},
{
    "model": "centre_registry.consortium",
    "pk": 1,
    "fields": {
        "country_code": "DE",
        "country_name": "Germany",
        "is_observer": false,
        "name": "CLARIN-D",
        "website_url": "http://www.clarin-d.de/",
        "alias": "de"
    }
},
{
    "model": "centre_registry.consortium",
    "pk": 2,
    "fields": {
        "country_code": "AT",
        "country_name": "Austria",
        "is_observer": false,
        "name": "CLARIN-AT",
        "website_url": "http://www.oeaw.ac.at/icltt/node/14",
        "alias": "at"
    }
},
{
    "model": "centre_registry.consortium",
    "pk": 3,
    "fields": {
        "country_code": "CZ",
        "country_name": "Czech Republic",
        "is_observer": false,
        "name": "LINDAT-CLARIN",
        "website_url": "http://www.lindat.cz/",
        "alias": "cz"
    }
},
{
    "model": "centre_registry.consortium",
    "pk": 4,
    "fields": {
        "country_code": "DK",
        "country_name": "Denmark",
        "is_observer": false,
        "name": "CLARIN-DK",
        "website_url": "https://clarin.dk/",
        "alias": "dk"
    }
},
{
    "model": "centre_registry.consortium",
    "pk": 5,
    "fields": {
        "country_code": "EE",
        "country_name": "Estonia",
        "is_observer": false,
        "name": "CELR",
        "website_url": "http://keeleressursid.ee/en/",
        "alias": "ee"
    }
},
{
    "model": "centre_registry.consortium",
    "pk": 6,
    "fields": {
        "country_code": "ES",
        "country_name": "Spain",
        "is_observer": true,
        "name": "",
        "website_url": "",
        "alias": ""
    }
},
{
    "model": "centre_registry.consortium",
    "pk": 7,
    "fields": {
        "country_code": "FI",
        "country_name": "Finland",
        "is_observer": true,
        "name": "",
        "website_url": "http://www.kielipankki.fi/",
        "alias": ""
    }
},
{
    "model": "centre_registry.consortium",
    "pk": 8,
    "fields": {
        "country_code": "US",
        "country_name": "United States",
        "is_observer": true,
        "name": "",
        "website_url": "",
        "alias": ""
    }
},
{
    "model": "centre_registry.consortium",
    "pk": 9,
    "fields": {
        "country_code": "DLU",
        "country_name": "Dutch Language Union",
        "is_observer": false,
        "name": "Dutch Language Union",
        "website_url": "http://taalunie.org/wat-doet-taalunie/activiteiten/clarin",
        "alias": "dlu"
    }
},
{
    "model": "centre_registry.consortium",
    "pk": 10,
    "fields": {
        "country_code": "NL",
        "country_name": "The Netherlands",
        "is_observer": false,
        "name": "CLARIN-NL",
        "website_url": "http://www.clarin.nl/",
        "alias": "nl"
    }
},
{
    "model": "centre_registry.consortium",
    "pk": 11,
    "fields": {
        "country_code": "PL",
        "country_name": "Poland",
        "is_observer": false,
        "name": "CLARIN-PL",
        "website_url": "http://www.clarin-pl.eu/",
        "alias": "pl"
    }
},
{
    "model": "centre_registry.consortium",
    "pk": 12,
    "fields": {
        "country_code": "GB",
        "country_name": "United Kingdom",
        "is_observer": true,
        "name": "",
        "website_url": "",
        "alias": ""
    }
},
{
    "model": "centre_registry.consortium",
    "pk": 13,
    "fields": {
        "country_code": "BG",
        "country_name": "Bulgaria",
        "is_observer": false,
        "name": "BG-CLARIN",
        "website_url": "http://www.nrri-bg.com/infrastructures/bg-clarin",
        "alias": ""
    }
},
{
    "model": "centre_registry.consortium",
    "pk": 14,
    "fields": {
        "country_code": "NO",
        "country_name": "Norway",
        "is_observer": true,
        "name": "CLARINO",
        "website_url": "http://clarin.b.uib.no/",
        "alias": "no"
    }
},
{
    "model": "centre_registry.consortium",
    "pk": 15,
    "fields": {
        "country_code": "LT",
        "country_name": "Lithuania",
        "is_observer": false,
        "name": "CLARIN-LT",
        "website_url": "http://tekstynas.vdu.lt/",
        "alias": ""
    }
},
{
    "model": "centre_registry.consortium",
    "pk": 16,
    "fields": {
        "country_code": "PT",
        "country_name": "Portugal",
        "is_observer": false,
        "name": "CLARIN-Portugal",
        "website_url": "",
        "alias": ""
    }
},
{
    "model": "centre_registry.consortium",
    "pk": 17,
    "fields": {
        "country_code": "FR",
        "country_name": "France",
        "is_observer": true,
        "name": "",
        "website_url": "",
        "alias": ""
    }
},
{
    "model": "centre_registry.centretype",
    "pk": 1,
    "fields": {
        "type": "B"
    }
},
{
    "model": "centre_registry.centretype",
    "pk": 2,
    "fields": {
        "type": "E"
    }
},
{
    "model": "centre_registry.centretype",
    "pk": 3,
    "fields": {
        "type": "C"
    }
},
{
    "model": "centre_registry.centretype",
    "pk": 4,
    "fields": {
        "type": "R"
    }
},
{
    "model": "centre_registry.centretype",
    "pk": 5,
    "fields": {
        "type": "K"
    }
},
{
    "model": "centre_registry.centretype",
    "pk": 6,
    "fields": {
        "type": "L"
    }
},
{
    "model": "centre_registry.centretype",
    "pk": 7,
    "fields": {
        "type": "A"
    }
},
{
    "model": "centre_registry.centre",
    "pk": 1,
    "fields": {
        "name": "Eberhard Karls Universit\u00e4t T\u00fcbingen",
        "shorthand": "EKUT",
        "organisation_name": "Eberhard Karls Universit\u00e4t T\u00fcbingen ",
        "institution": "Seminar f\u00fcr Sprachwissenschaft",
        "working_unit": "Allgemeine Sprachwissenschaft und Computerlinguistik ",
        "address": "Wilhelmstra\u00dfe 19-23",
        "postal_code": "72074",
        "city": "T\u00fcbingen",
        "latitude": "48.527037",
        "longitude": "9.062002",
        "type_status": "",
        "administrative_contact": 1,
        "technical_contact": 1,
        "website_url": "http://www.sfs.uni-tuebingen.de/",
        "description": "",
        "expertise": "corpus linguistics",
        "consortium": 1,
        "type_certificate_url": "http://hdl.handle.net/1839/00-DOCS.CLARIN.EU-87",
        "dsa_url": "https://assessment.datasealofapproval.org/assessment_82/seal/html/",
        "pid_status": "Handle via EPIC.",
        "long_term_archiving_policy": "None.",
        "repository_system": "Fedora Commons",
        "strict_versioning": true,
        "type": [
            1
        ],
        "assessmentdates": [],
        "monitoring_contacts": []
    }
},
{
    "model": "centre_registry.centre",
    "pk": 2,
    "fields": {
        "name": "CLARIN Centre Vienna",
        "shorthand": "CCV",
        "organisation_name": "Austrian Academy of Sciences",
        "institution": "Institute for Corpus Linguistics and Text Technology",
        "working_unit": "ICLTT",
        "address": "Sonnenfelsgasse 19",
        "postal_code": "1010",
        "city": "Wien",
        "latitude": "48.209279",
        "longitude": "16.377077",
        "type_status": "",
        "administrative_contact": 2,
        "technical_contact": 3,
        "website_url": "http://clarin.oeaw.ac.at/ccv/",
        "description": "Main Centre in CLARIN-AT, providing infrastructural services and access to CLARIN-AT language resources. ",
        "expertise": "corpus linguistics, lexicography, CMDI, controlled vocabularies",
        "consortium": 2,
        "type_certificate_url": "http://hdl.handle.net/1839/00-DOCS.CLARIN.EU-105",
        "dsa_url": "https://assessment.datasealofapproval.org/assessment_121/seal/html/",
        "pid_status": "Handle via EPIC.",
        "long_term_archiving_policy": "",
        "repository_system": "Fedora Commons",
        "strict_versioning": false,
        "type": [
            1
        ],
        "assessmentdates": [],
        "monitoring_contacts": [
            39,
            49
        ]
    }
},
{
    "model": "centre_registry.centre",
    "pk": 3,
    "fields": {
        "name": "LINDAT/CLARIN",
        "shorthand": "LINDAT",
        "organisation_name": "\u00daFAL MFF UK - Linguistics",
        "institution": "Univerzita Karlova v Praze",
        "working_unit": "LINDAT/CLARIN",
        "address": "Malostransk\u00e9 n\u00e1m\u011bst\u00ed 25",
        "postal_code": "118 00",
        "city": "Praha",
        "latitude": "50.088521",
        "longitude": "14.403265",
        "type_status": "",
        "administrative_contact": 4,
        "technical_contact": 5,
        "website_url": "http://lindat.mff.cuni.cz/",
        "description": "",
        "expertise": "computational linguistics, language resources, natural language processing, linguistic annotation, machine translation, machine learning, information retrieval, tagging/parsing, semantics ",
        "consortium": 3,
        "type_certificate_url": "http://hdl.handle.net/1839/00-DOCS.CLARIN.EU-99",
        "dsa_url": "http://assessment.datasealofapproval.org/assessment_92/seal/html/",
        "pid_status": "Handle via EPIC.",
        "long_term_archiving_policy": "",
        "repository_system": "DSpace",
        "strict_versioning": false,
        "type": [
            1
        ],
        "assessmentdates": [],
        "monitoring_contacts": []
    }
},
{
    "model": "centre_registry.centre",
    "pk": 4,
    "fields": {
        "name": "ASV Leipzig",
        "shorthand": "ASV",
        "organisation_name": "Abteilung Automatische Sprachverarbeitung",
        "institution": "Universit\u00e4t Leipzig",
        "working_unit": "Institut f\u00fcr Informatik",
        "address": "Augustusplatz 10",
        "postal_code": "04109",
        "city": "Leipzig",
        "latitude": "51.338548",
        "longitude": "12.378735",
        "type_status": "",
        "administrative_contact": 6,
        "technical_contact": 7,
        "website_url": "http://asv.informatik.uni-leipzig.de/",
        "description": "",
        "expertise": "monolingual corpora, text mining",
        "consortium": 1,
        "type_certificate_url": "http://hdl.handle.net/1839/00-DOCS.CLARIN.EU-88",
        "dsa_url": "https://assessment.datasealofapproval.org/assessment_88/seal/html/",
        "pid_status": "Handle via EPIC.",
        "long_term_archiving_policy": "Providing long-term archiving services.",
        "repository_system": "Fedora Commons",
        "strict_versioning": false,
        "type": [
            1
        ],
        "assessmentdates": [],
        "monitoring_contacts": [
            39,
            49
        ]
    }
},
{
    "model": "centre_registry.centre",
    "pk": 5,
    "fields": {
        "name": "Bayerisches Archiv f\u00fcr Sprachsignale",
        "shorthand": "BAS",
        "organisation_name": "Bayerisches Archiv f\u00fcr Sprachsignale",
        "institution": "Ludwig-Maximilians-Universit\u00e4t M\u00fcnchen",
        "working_unit": "BAS CLARIN-D Centre",
        "address": "Schellingstra\u00dfe 3",
        "postal_code": "80799",
        "city": "M\u00fcnchen",
        "latitude": "48.149216",
        "longitude": "11.579364",
        "type_status": "",
        "administrative_contact": 8,
        "technical_contact": 9,
        "website_url": "http://www.phonetik.uni-muenchen.de/forschung/bay_arch_sprsig/index.html",
        "description": "",
        "expertise": "Speech data processing, web services and tools for spoken language, corpus production and validation, curation of external speech corpora, consulting and teaching.",
        "consortium": 1,
        "type_certificate_url": "http://hdl.handle.net/1839/00-DOCS.CLARIN.EU-89",
        "dsa_url": "https://assessment.datasealofapproval.org/assessment_83/seal/html/",
        "pid_status": "Handle via EPIC.",
        "long_term_archiving_policy": "",
        "repository_system": "Custom.",
        "strict_versioning": true,
        "type": [
            1
        ],
        "assessmentdates": [],
        "monitoring_contacts": [
            39,
            49
        ]
    }
},
{
    "model": "centre_registry.centre",
    "pk": 6,
    "fields": {
        "name": "Berlin-Brandenburg Academy of Sciences and Humanities",
        "shorthand": "BBAW",
        "organisation_name": "Berlin-Brandenburg Academy of Sciences and Humanities",
        "institution": "Union of the German academies of sciences and humanities ",
        "working_unit": "Deutsches Textarchiv",
        "address": "J\u00e4gerstra\u00dfe 23",
        "postal_code": "10117",
        "city": "Berlin",
        "latitude": "52.514156",
        "longitude": "13.394324",
        "type_status": "",
        "administrative_contact": 10,
        "technical_contact": 11,
        "website_url": "http://www.bbaw.de/",
        "description": "",
        "expertise": "TEI encoding",
        "consortium": 1,
        "type_certificate_url": "http://hdl.handle.net/1839/00-DOCS.CLARIN.EU-93",
        "dsa_url": "https://assessment.datasealofapproval.org/assessment_87/seal/html/",
        "pid_status": "Handle via EPIC.",
        "long_term_archiving_policy": "",
        "repository_system": "Fedora Commons",
        "strict_versioning": true,
        "type": [
            1
        ],
        "assessmentdates": [],
        "monitoring_contacts": [
            39,
            49
        ]
    }
},
{
    "model": "centre_registry.centre",
    "pk": 7,
    "fields": {
        "name": "Forschungzentrum J\u00fclich",
        "shorthand": "FZJ",
        "organisation_name": "http://www.fz-juelich.de/ias/jsc/EN/Home/home_node.html",
        "institution": "Institute for Advanced Simulation",
        "working_unit": "J\u00fclich Supercomputing Centre",
        "address": "IEK-7, Wilhelm-Johnen-Stra\u00dfe",
        "postal_code": "52428",
        "city": "J\u00fclich",
        "latitude": "50.905369",
        "longitude": "6.404938",
        "type_status": "",
        "administrative_contact": 12,
        "technical_contact": 12,
        "website_url": "http://www.fz-juelich.de/ias/jsc/EN/Home/home_node.html",
        "description": "",
        "expertise": "web service monitoring",
        "consortium": 1,
        "type_certificate_url": "",
        "dsa_url": "",
        "pid_status": "",
        "long_term_archiving_policy": "",
        "repository_system": "",
        "strict_versioning": false,
        "type": [
            2
        ],
        "assessmentdates": [],
        "monitoring_contacts": []
    }
},
{
    "model": "centre_registry.centre",
    "pk": 8,
    "fields": {
        "name": "Gesellschaft f\u00fcr wissenschaftliche Datenverarbeitung mbH",
        "shorthand": "GWDG",
        "organisation_name": "Gesellschaft f\u00fcr wissenschaftliche Datenverarbeitung mbH",
        "institution": "Gesellschaft f\u00fcr wissenschaftliche Datenverarbeitung mbH",
        "working_unit": "Gesellschaft f\u00fcr wissenschaftliche Datenverarbeitung mbH",
        "address": "Am Fa\u00dfberg 11",
        "postal_code": "37077",
        "city": "G\u00f6ttingen",
        "latitude": "51.562323",
        "longitude": "9.970938",
        "type_status": "",
        "administrative_contact": 13,
        "technical_contact": 13,
        "website_url": "http://www.gwdg.de/",
        "description": "",
        "expertise": "PIDs/EPIC, hosting, data storage",
        "consortium": 1,
        "type_certificate_url": "",
        "dsa_url": "",
        "pid_status": "",
        "long_term_archiving_policy": "",
        "repository_system": "",
        "strict_versioning": false,
        "type": [
            2
        ],
        "assessmentdates": [],
        "monitoring_contacts": [
            39
        ]
    }
},
{
    "model": "centre_registry.centre",
    "pk": 9,
    "fields": {
        "name": "Hamburger Zentrum f\u00fcr Sprachkorpora",
        "shorthand": "HZSK",
        "organisation_name": "Hamburger Zentrum f\u00fcr Sprachkorpora",
        "institution": "Universit\u00e4t Hamburg",
        "working_unit": "HZSK CLARIN D-Centre",
        "address": "Max-Brauer-Allee 60",
        "postal_code": "22765",
        "city": "Hamburg",
        "latitude": "53.553724",
        "longitude": "9.939426",
        "type_status": "",
        "administrative_contact": 14,
        "technical_contact": 15,
        "website_url": "http://www.corpora.uni-hamburg.de/",
        "description": "",
        "expertise": "linguistic tools, multimedia and multimodal data, spoken language corpora",
        "consortium": 1,
        "type_certificate_url": "http://hdl.handle.net/1839/00-DOCS.CLARIN.EU-94",
        "dsa_url": "https://assessment.datasealofapproval.org/assessment_79/seal/html/",
        "pid_status": "Handle via EPIC.",
        "long_term_archiving_policy": "",
        "repository_system": "Fedora Commons",
        "strict_versioning": false,
        "type": [
            1
        ],
        "assessmentdates": [],
        "monitoring_contacts": []
    }
},
{
    "model": "centre_registry.centre",
    "pk": 10,
    "fields": {
        "name": "Institut f\u00fcr Maschinelle Sprachverarbeitung",
        "shorthand": "IMS",
        "organisation_name": "Institut f\u00fcr Maschinelle Sprachverarbeitung ",
        "institution": "Universit\u00e4t Stuttgart",
        "working_unit": "Lehrstuhl Grundlagen der Computerlinguistik ",
        "address": "Pfaffenwaldring 5b",
        "postal_code": "70569",
        "city": "Stuttgart",
        "latitude": "48.746750",
        "longitude": "9.108240",
        "type_status": "",
        "administrative_contact": 16,
        "technical_contact": 17,
        "website_url": "http://www.ims.uni-stuttgart.de/",
        "description": "",
        "expertise": "linguistically annotated corpora, corpus tools, tools and methods for robust morphological and syntactic analysis of multiple languages.",
        "consortium": 1,
        "type_certificate_url": "http://hdl.handle.net/1839/00-DOCS.CLARIN.EU-95",
        "dsa_url": "https://assessment.datasealofapproval.org/assessment_86/seal/html/",
        "pid_status": "Handle via EPIC.",
        "long_term_archiving_policy": "",
        "repository_system": "Fedora Commons",
        "strict_versioning": false,
        "type": [
            1
        ],
        "assessmentdates": [],
        "monitoring_contacts": []
    }
},
{
    "model": "centre_registry.centre",
    "pk": 11,
    "fields": {
        "name": "Institut f\u00fcr Deutsche Sprache",
        "shorthand": "IDS",
        "organisation_name": "Institut f\u00fcr Deutsche Sprache",
        "institution": "Leibniz Gemeinschaft",
        "working_unit": "Institut f\u00fcr Deutsche Sprache",
        "address": "R5 6-13",
        "postal_code": "68161",
        "city": "Mannheim",
        "latitude": "49.488122",
        "longitude": "8.472311",
        "type_status": "",
        "administrative_contact": 18,
        "technical_contact": 19,
        "website_url": "http://www.ids-mannheim.de/",
        "description": "Providing long-term storage of Germanic language resources.",
        "expertise": "language archives, linguistic tools, long-term preservation, multimedia and multimodal data \t",
        "consortium": 1,
        "type_certificate_url": "http://hdl.handle.net/1839/00-DOCS.CLARIN.EU-90",
        "dsa_url": "https://assessment.datasealofapproval.org/assessment_85/seal/html/",
        "pid_status": "Handle (own server and prefix: 10932).",
        "long_term_archiving_policy": "",
        "repository_system": "Fedora Commons",
        "strict_versioning": true,
        "type": [
            1
        ],
        "assessmentdates": [],
        "monitoring_contacts": [
            39
        ]
    }
},
{
    "model": "centre_registry.centre",
    "pk": 12,
    "fields": {
        "name": "Rechenzentrum Garching",
        "shorthand": "RZG",
        "organisation_name": "Rechenzentrum der Max-Planck-Gesellschaft am Max-Planck-Institut f\u00fcr Plasmaphysik ",
        "institution": "Max Planck Gesellschaft",
        "working_unit": "RZG",
        "address": "Boltzmannstra\u00dfe 2",
        "postal_code": "85748",
        "city": "Garching",
        "latitude": "48.263477",
        "longitude": "11.671697",
        "type_status": "",
        "administrative_contact": 20,
        "technical_contact": 21,
        "website_url": "http://www.rzg.mpg.de/",
        "description": "",
        "expertise": "data storage",
        "consortium": 1,
        "type_certificate_url": "",
        "dsa_url": "",
        "pid_status": "",
        "long_term_archiving_policy": "",
        "repository_system": "",
        "strict_versioning": false,
        "type": [
            2
        ],
        "assessmentdates": [],
        "monitoring_contacts": []
    }
},
{
    "model": "centre_registry.centre",
    "pk": 13,
    "fields": {
        "name": "Universit\u00e4t des Saarlandes ",
        "shorthand": "UdS",
        "organisation_name": "Fachrichtung 4.6",
        "institution": "Universit\u00e4t des Saarlandes",
        "working_unit": "Englische Sprach- und \u00dcbersetzungswissenschaft",
        "address": "Campus A2.2",
        "postal_code": "66123",
        "city": "Saarbr\u00fccken",
        "latitude": "49.256004",
        "longitude": "7.039011",
        "type_status": "",
        "administrative_contact": 22,
        "technical_contact": 23,
        "website_url": "http://fedora.clarin-d.uni-saarland.de/",
        "description": "",
        "expertise": "Creation and annotation of corpora, empirical corpus linguistics, language variation and register analysis.",
        "consortium": 1,
        "type_certificate_url": "http://hdl.handle.net/1839/00-DOCS.CLARIN.EU-92",
        "dsa_url": "https://assessment.datasealofapproval.org/assessment_84/seal/html/",
        "pid_status": "Handle via EPIC.",
        "long_term_archiving_policy": "",
        "repository_system": "Fedora Commons",
        "strict_versioning": false,
        "type": [
            1
        ],
        "assessmentdates": [],
        "monitoring_contacts": []
    }
},
{
    "model": "centre_registry.centre",
    "pk": 14,
    "fields": {
        "name": "The CLARIN Centre at University of Copenhagen",
        "shorthand": "CLARIN-DK-UCPH",
        "organisation_name": "University of Copenhagen",
        "institution": "Faculty of Humanities",
        "working_unit": "Center for Sprogteknologi",
        "address": "Njalsgade 140",
        "postal_code": "2300",
        "city": "K\u00f8benhavn",
        "latitude": "55.661566",
        "longitude": "12.591780",
        "type_status": "",
        "administrative_contact": 24,
        "technical_contact": 25,
        "website_url": "http://clarin.dk/",
        "description": "",
        "expertise": "multimodal communication, corpus linguistics, text tools",
        "consortium": 4,
        "type_certificate_url": "http://hdl.handle.net/1839/00-DOCS.CLARIN.EU-100",
        "dsa_url": "https://assessment.datasealofapproval.org/assessment_105/seal/html/",
        "pid_status": "Handle (own server and prefix: 11221).",
        "long_term_archiving_policy": "",
        "repository_system": "eSciDoc, based on Fedora Commons.",
        "strict_versioning": true,
        "type": [
            1
        ],
        "assessmentdates": [],
        "monitoring_contacts": [
            39,
            49
        ]
    }
},
{
    "model": "centre_registry.centre",
    "pk": 15,
    "fields": {
        "name": "Center of Estonian Language Resources",
        "shorthand": "CELR/EKK",
        "organisation_name": "Eesti Keeleressursside Keskus",
        "institution": "University of Tartu",
        "working_unit": "Eesti Keeleressursside Keskus",
        "address": "Juhan Liivi 2-340",
        "postal_code": "50409",
        "city": "Tartu",
        "latitude": "58.378389",
        "longitude": "26.714716",
        "type_status": "Aiming for B. ",
        "administrative_contact": 26,
        "technical_contact": 27,
        "website_url": "http://www.keeleressursid.ee/",
        "description": "",
        "expertise": "corpora, lexica, tools, Estonian",
        "consortium": 5,
        "type_certificate_url": "",
        "dsa_url": "",
        "pid_status": "Handle (own server and prefix: 11297).",
        "long_term_archiving_policy": "",
        "repository_system": "Fedora Commons",
        "strict_versioning": false,
        "type": [
            3
        ],
        "assessmentdates": [],
        "monitoring_contacts": [
            39,
            49
        ]
    }
},
{
    "model": "centre_registry.centre",
    "pk": 16,
    "fields": {
        "name": "IULA-UPF-CC-CLARIN",
        "shorthand": "UPF",
        "organisation_name": "Institut Universitari de Ling\u00fc\u00edstica Aplicada",
        "institution": "Universitat Pompeu Fabra",
        "working_unit": "Institut Universitari de Ling\u00fc\u00edstica Aplicada",
        "address": "Carrer de Roc Boronat, 138",
        "postal_code": "08018",
        "city": "Barcelona",
        "latitude": "41.403964",
        "longitude": "2.193464",
        "type_status": "",
        "administrative_contact": 28,
        "technical_contact": 28,
        "website_url": "http://services.iula.upf.edu/",
        "description": "We offer harvestable machine readable metadata about resources and web services for text enrichement and quantitative text analysis services.",
        "expertise": "",
        "consortium": 6,
        "type_certificate_url": "",
        "dsa_url": "",
        "pid_status": "Handle (own server and prefix: 10230).",
        "long_term_archiving_policy": "",
        "repository_system": "DSpace",
        "strict_versioning": false,
        "type": [
            3
        ],
        "assessmentdates": [],
        "monitoring_contacts": []
    }
},
{
    "model": "centre_registry.centre",
    "pk": 17,
    "fields": {
        "name": "The Language Bank of Finland",
        "shorthand": "FIN-CLARIN",
        "organisation_name": "The Department of Modern Languages",
        "institution": "University of Helsinki (UHEL) ",
        "working_unit": "FIN-CLARIN",
        "address": "Unioninkatu 40",
        "postal_code": "00170",
        "city": "Helsinki",
        "latitude": "60.172839",
        "longitude": "24.950366",
        "type_status": "Aiming for B.",
        "administrative_contact": 29,
        "technical_contact": 30,
        "website_url": "http://www.kielipankki.fi/",
        "description": "Offers Finnish META-SHARE content.",
        "expertise": "computational linguistics, finite-state morphology, dependency parsing, corpora, WordNet",
        "consortium": 7,
        "type_certificate_url": "",
        "dsa_url": "",
        "pid_status": "URN:NBN and Handle (prefix: 11113).",
        "long_term_archiving_policy": "",
        "repository_system": "LAT",
        "strict_versioning": false,
        "type": [
            3
        ],
        "assessmentdates": [],
        "monitoring_contacts": []
    }
},
{
    "model": "centre_registry.centre",
    "pk": 18,
    "fields": {
        "name": "CMU-TalkBank",
        "shorthand": "CMU",
        "organisation_name": "TalkBank",
        "institution": "Carnegie Mellon University ",
        "working_unit": "Psychology and Language Technologies Institute",
        "address": "5000 Forbes Avenue",
        "postal_code": "PA 15213",
        "city": "Pittsburgh",
        "latitude": "40.440988",
        "longitude": "-79.94231",
        "type_status": "",
        "administrative_contact": 32,
        "technical_contact": 31,
        "website_url": "http://www.talkbank.org/",
        "description": "TalkBank data and tools.",
        "expertise": "",
        "consortium": 8,
        "type_certificate_url": "http://hdl.handle.net/1839/00-DOCS.CLARIN.EU-109",
        "dsa_url": "https://assessment.datasealofapproval.org/assessment_111/seal/html/",
        "pid_status": "Handle (own server and prefix: 11312).",
        "long_term_archiving_policy": "",
        "repository_system": "GIT",
        "strict_versioning": false,
        "type": [
            1
        ],
        "assessmentdates": [],
        "monitoring_contacts": []
    }
},
{
    "model": "centre_registry.centre",
    "pk": 19,
    "fields": {
        "name": "Dutch-Flemish Human Language Technology Agency",
        "shorthand": "DLU",
        "organisation_name": "HLT Agency",
        "institution": "Dutch Language Union",
        "working_unit": "HLT Agency",
        "address": "Lange Voorhout 19",
        "postal_code": "2514 EB",
        "city": "Den Haag",
        "latitude": "52.082325",
        "longitude": "4.312237",
        "type_status": "Aiming for B.",
        "administrative_contact": 33,
        "technical_contact": 33,
        "website_url": "http://www.tst-centrale.org/",
        "description": "The HLT Agency manages, maintains, distributes and supports digital Dutch language resources such as corpora, lexica and tools. The HLT Agency is the Dutch Language Union's CLARIN Centre. ",
        "expertise": "",
        "consortium": 9,
        "type_certificate_url": "",
        "dsa_url": "",
        "pid_status": "",
        "long_term_archiving_policy": "",
        "repository_system": "",
        "strict_versioning": false,
        "type": [
            3
        ],
        "assessmentdates": [],
        "monitoring_contacts": []
    }
},
{
    "model": "centre_registry.centre",
    "pk": 20,
    "fields": {
        "name": "Data Archiving and Networked Services",
        "shorthand": "DANS",
        "organisation_name": "Data Archiving and Networked Services",
        "institution": "Royal Netherlands Academy of Arts and Sciences",
        "working_unit": "DANS",
        "address": "Anna van Saksenlaan 51",
        "postal_code": "2593 HW",
        "city": "Den Haag",
        "latitude": "52.080776",
        "longitude": "4.345627",
        "type_status": "Aiming for B.",
        "administrative_contact": 34,
        "technical_contact": 34,
        "website_url": "http://dans.knaw.nl/",
        "description": "",
        "expertise": "Sustainable access to digital research data, training and advice, and performs research into sustained access to digital information.",
        "consortium": 10,
        "type_certificate_url": "",
        "dsa_url": "",
        "pid_status": "",
        "long_term_archiving_policy": "",
        "repository_system": "EASY, based on Fedora Commons.",
        "strict_versioning": false,
        "type": [
            3
        ],
        "assessmentdates": [],
        "monitoring_contacts": [
            39,
            49
        ]
    }
},
{
    "model": "centre_registry.centre",
    "pk": 21,
    "fields": {
        "name": "Huygens ING",
        "shorthand": "Huygens",
        "organisation_name": "Huygens Institute for the History of the Netherlands",
        "institution": "Royal Dutch Academy of Sciences",
        "working_unit": "Huygens ING",
        "address": "Prins Willem-Alexanderhof 5",
        "postal_code": "2595 BE",
        "city": "Den Haag",
        "latitude": "52.081972",
        "longitude": "4.327001",
        "type_status": "",
        "administrative_contact": 35,
        "technical_contact": 35,
        "website_url": "http://www.huygens.knaw.nl/",
        "description": "",
        "expertise": "political and institutional history, literature and letters, history of science",
        "consortium": 10,
        "type_certificate_url": "http://hdl.handle.net/1839/00-DOCS.CLARIN.EU-110",
        "dsa_url": "https://assessment.datasealofapproval.org/assessment_124/seal/html/",
        "pid_status": "Handle (own server and prefix: 11240).",
        "long_term_archiving_policy": "",
        "repository_system": "Custom.",
        "strict_versioning": false,
        "type": [
            1
        ],
        "assessmentdates": [],
        "monitoring_contacts": [
            39
        ]
    }
},
{
    "model": "centre_registry.centre",
    "pk": 22,
    "fields": {
        "name": "Instituut voor Nederlandse Lexicologie",
        "shorthand": "INL",
        "organisation_name": "Instituut voor Nederlandse Lexicologie",
        "institution": "Instituut voor Nederlandse Lexicologie",
        "working_unit": "Instituut voor Nederlandse Lexicologie",
        "address": "Matthias de Vrieshof 3",
        "postal_code": "2311 BZ",
        "city": "Leiden",
        "latitude": "52.158137",
        "longitude": "4.480772",
        "type_status": "",
        "administrative_contact": 36,
        "technical_contact": 37,
        "website_url": "http://www.inl.nl/",
        "description": "",
        "expertise": "knowledge bank of Dutch vocabulary, the Dutch Language Database, large Dutch corpora, all areas of Dutch linguistics, corpus linguistics, language resource standards, Toolbox for Lexicon Building",
        "consortium": 10,
        "type_certificate_url": "",
        "dsa_url": "https://assessment.datasealofapproval.org/assessment_106/seal/html/",
        "pid_status": "Handle (own server and prefix: 10032).",
        "long_term_archiving_policy": "",
        "repository_system": "DSpace",
        "strict_versioning": false,
        "type": [
            1
        ],
        "assessmentdates": [],
        "monitoring_contacts": []
    }
},
{
    "model": "centre_registry.centre",
    "pk": 23,
    "fields": {
        "name": "Meertens Instituut",
        "shorthand": "MI",
        "organisation_name": "Meertens Instituut",
        "institution": "Royal Netherlands Academy of Arts and Sciences",
        "working_unit": "Meertens Instituut",
        "address": "Joan Muyskenweg 25",
        "postal_code": "1096 CJ",
        "city": "Amsterdam",
        "latitude": "52.331909",
        "longitude": "4.914635",
        "type_status": "",
        "administrative_contact": 38,
        "technical_contact": 38,
        "website_url": "http://www.meertens.knaw.nl/",
        "description": "",
        "expertise": "language variation and culture",
        "consortium": 10,
        "type_certificate_url": "http://hdl.handle.net/1839/00-DOCS.CLARIN.EU-106",
        "dsa_url": "https://assessment.datasealofapproval.org/assessment_100/seal/html/",
        "pid_status": "Handle via EPIC (own prefix: 10744).",
        "long_term_archiving_policy": "Providing long-term archiving services.",
        "repository_system": "Custom.",
        "strict_versioning": false,
        "type": [
            1
        ],
        "assessmentdates": [],
        "monitoring_contacts": []
    }
},
{
    "model": "centre_registry.centre",
    "pk": 24,
    "fields": {
        "name": "MPI for Psycholinguistics",
        "shorthand": "MPI-PL",
        "organisation_name": "Max Planck Institute for Psycholinguistics",
        "institution": "Max Planck Gesellschaft (MPG)",
        "working_unit": "The Language Archive",
        "address": "Wundtlaan 1",
        "postal_code": "6525 XD",
        "city": "Nijmegen",
        "latitude": "51.818046",
        "longitude": "5.857079",
        "type_status": "",
        "administrative_contact": 39,
        "technical_contact": 39,
        "website_url": "https://tla.mpi.nl/",
        "description": "",
        "expertise": "language archives, linguistic tools, long-term preservation, multimedia and multimodal data",
        "consortium": 1,
        "type_certificate_url": "http://hdl.handle.net/1839/00-DOCS.CLARIN.EU-91",
        "dsa_url": "https://assessment.datasealofapproval.org/assessment_48/seal/html",
        "pid_status": "Handle (own server and prefix: 1839). ",
        "long_term_archiving_policy": "Long-term preservation.",
        "repository_system": "LAT",
        "strict_versioning": true,
        "type": [
            1
        ],
        "assessmentdates": [],
        "monitoring_contacts": [
            39
        ]
    }
},
{
    "model": "centre_registry.centre",
    "pk": 25,
    "fields": {
        "name": "CLARIN-PL Language Technology Centre",
        "shorthand": "CLARIN-PL1",
        "organisation_name": "Institute of Informatics",
        "institution": "Wroclaw University of Technology ",
        "working_unit": "CLARIN-PL",
        "address": "wybrze\u017ce Stanis\u0142awa Wyspia\u0144skiego 27",
        "postal_code": "50-370",
        "city": "Wroc\u0142aw",
        "latitude": "51.107122",
        "longitude": "17.063023",
        "type_status": "Aiming for B. ",
        "administrative_contact": 40,
        "technical_contact": 41,
        "website_url": "http://nlp.pwr.wroc.pl/en/projects/clarin",
        "description": "Main Centre in CLARIN-PL, providing infrastructural services and access to CLARIN-PL language resources. ",
        "expertise": "various domains of language technology, language engineering, computational linguistics, lexicography\t",
        "consortium": 11,
        "type_certificate_url": "",
        "dsa_url": "https://assessment.datasealofapproval.org/assessment_149/seal/html/",
        "pid_status": "Planned, Handle via EPIC.",
        "long_term_archiving_policy": "",
        "repository_system": "DSpace, LINDAT/CLARIN extensions",
        "strict_versioning": false,
        "type": [
            3
        ],
        "assessmentdates": [],
        "monitoring_contacts": [
            39,
            49
        ]
    }
},
{
    "model": "centre_registry.centre",
    "pk": 26,
    "fields": {
        "name": "Oxford Text Archive",
        "shorthand": "OTA",
        "organisation_name": "Oxford Text Archive ",
        "institution": "University of Oxford",
        "working_unit": "IT Services",
        "address": "16 Wellington Square",
        "postal_code": "OX1 2HY",
        "city": "Oxford",
        "latitude": "51.757571",
        "longitude": "-1.261824",
        "type_status": "Aiming for B.",
        "administrative_contact": 42,
        "technical_contact": 42,
        "website_url": "http://ota.ahds.ac.uk/",
        "description": "",
        "expertise": "TEI, text corpora, historic texts",
        "consortium": 12,
        "type_certificate_url": "",
        "dsa_url": "",
        "pid_status": "",
        "long_term_archiving_policy": "",
        "repository_system": "Custom.",
        "strict_versioning": false,
        "type": [
            3
        ],
        "assessmentdates": [],
        "monitoring_contacts": []
    }
},
{
    "model": "centre_registry.centre",
    "pk": 27,
    "fields": {
        "name": "Utrecht Institute of Linguistics OTS",
        "shorthand": "UIL-OTS",
        "organisation_name": "The Netherlands CLARIN Office",
        "institution": "Utrecht University",
        "working_unit": "UiL-OTS",
        "address": "Trans 10",
        "postal_code": "3512 JK ",
        "city": "Utrecht",
        "latitude": "52.090132",
        "longitude": "5.122917",
        "type_status": "Trust Centre, no standard assessment in place",
        "administrative_contact": 43,
        "technical_contact": 44,
        "website_url": "http://portal.clarin.nl/",
        "description": "",
        "expertise": "",
        "consortium": 10,
        "type_certificate_url": "",
        "dsa_url": "",
        "pid_status": "",
        "long_term_archiving_policy": "",
        "repository_system": "Drupal, but only hosting documentation resources",
        "strict_versioning": false,
        "type": [
            4
        ],
        "assessmentdates": [],
        "monitoring_contacts": [
            39
        ]
    }
},
{
    "model": "centre_registry.centre",
    "pk": 28,
    "fields": {
        "name": "Speech & Language Data Repository",
        "shorthand": "SLDR",
        "organisation_name": "Laboratoire Parole et Langage (LPL)",
        "institution": "Centre National de la Recherche Scientifique (CNRS) and Aix-Marseille University",
        "working_unit": "UMR 7309",
        "address": "5 avenue Pasteur",
        "postal_code": "13100",
        "city": "Aix-en-Provence",
        "latitude": "43.535070",
        "longitude": "5.446179",
        "type_status": "",
        "administrative_contact": 45,
        "technical_contact": 46,
        "website_url": "http://sldr.org/",
        "description": "SLDR is a repository for oral and linguistic resources aimed at their long-term preservation and sharing",
        "expertise": "oral and linguistic resources",
        "consortium": 17,
        "type_certificate_url": "",
        "dsa_url": "",
        "pid_status": "Handle",
        "long_term_archiving_policy": "",
        "repository_system": "Self-developed",
        "strict_versioning": true,
        "type": [
            3
        ],
        "assessmentdates": [],
        "monitoring_contacts": []
    }
},
{
    "model": "centre_registry.urlreference",
    "pk": 2,
    "fields": {
        "centre": 1,
        "description": "B-certificate",
        "url": "http://hdl.handle.net/1839/00-DOCS.CLARIN.EU-87"
    }
},
{
    "model": "centre_registry.urlreference",
    "pk": 3,
    "fields": {
        "centre": 1,
        "description": "Repository",
        "url": "http://www.sfs.uni-tuebingen.de/ascl/clarin-center/repository.html"
    }
},
{
    "model": "centre_registry.urlreference",
    "pk": 4,
    "fields": {
        "centre": 21,
        "description": "B-certificate",
        "url": "http://hdl.handle.net/1839/00-DOCS.CLARIN.EU-110"
    }
},
{
    "model": "centre_registry.urlreference",
    "pk": 5,
    "fields": {
        "centre": 18,
        "description": "B-certificate",
        "url": "http://hdl.handle.net/1839/00-DOCS.CLARIN.EU-109"
    }
},
{
    "model": "centre_registry.webservice",
    "pk": 2,
    "fields": {
        "web_service": "hdl_11858_00-097C-0000-0023-8C33-2"
    }
},
{
    "model": "centre_registry.webservice",
    "pk": 3,
    "fields": {
        "web_service": "oai:webservices"
    }
},
{
    "model": "centre_registry.webservice",
    "pk": 4,
    "fields": {
        "web_service": "Weblicht"
    }
},
{
    "model": "centre_registry.webservice",
    "pk": 5,
    "fields": {
        "web_service": "WebLichtWebServices"
    }
},
{
    "model": "centre_registry.oaipmhendpoint",
    "pk": 1,
    "fields": {
        "centre": 1,
        "uri": "http://weblicht.sfs.uni-tuebingen.de/oaiprovider/",
        "note": "",
        "web_services_set": null,
        "web_services": [
            5
        ]
    }
},
{
    "model": "centre_registry.oaipmhendpoint",
    "pk": 2,
    "fields": {
        "centre": 4,
        "uri": "http://clarinoai.informatik.uni-leipzig.de:8080/oaiprovider/oai",
        "note": "",
        "web_services_set": null,
        "web_services": [
            3
        ]
    }
},
{
    "model": "centre_registry.oaipmhendpoint",
    "pk": 3,
    "fields": {
        "centre": 5,
        "uri": "http://www.phonetik.uni-muenchen.de/cgi-bin/BASRepository/oaipmh/oai.pl",
        "note": "",
        "web_services_set": null,
        "web_services": [
            4
        ]
    }
},
{
    "model": "centre_registry.oaipmhendpoint",
    "pk": 4,
    "fields": {
        "centre": 11,
        "uri": "http://repos.ids-mannheim.de/oaiprovider/",
        "note": "",
        "web_services_set": null,
        "web_services": []
    }
},
{
    "model": "centre_registry.oaipmhendpoint",
    "pk": 5,
    "fields": {
        "centre": 24,
        "uri": "http://corpus1.mpi.nl/ds/oaiprovider/oai2",
        "note": "",
        "web_services_set": null,
        "web_services": []
    }
},
{
    "model": "centre_registry.oaipmhendpoint",
    "pk": 6,
    "fields": {
        "centre": 13,
        "uri": "http://fedora.clarin-d.uni-saarland.de/oaiprovider/",
        "note": "",
        "web_services_set": null,
        "web_services": []
    }
},
{
    "model": "centre_registry.oaipmhendpoint",
    "pk": 7,
    "fields": {
        "centre": 6,
        "uri": "http://clarin.bbaw.de:8088/oaiprovider",
        "note": "",
        "web_services_set": null,
        "web_services": [
            5
        ]
    }
},
{
    "model": "centre_registry.oaipmhendpoint",
    "pk": 8,
    "fields": {
        "centre": 9,
        "uri": "http://virt-fedora.multilingua.uni-hamburg.de:8080/oaiprovider/",
        "note": "",
        "web_services_set": null,
        "web_services": []
    }
},
{
    "model": "centre_registry.oaipmhendpoint",
    "pk": 9,
    "fields": {
        "centre": 10,
        "uri": "http://clarin04.ims.uni-stuttgart.de/oaiprovider/oai",
        "note": "",
        "web_services_set": null,
        "web_services": []
    }
},
{
    "model": "centre_registry.oaipmhendpoint",
    "pk": 10,
    "fields": {
        "centre": 21,
        "uri": "http://oaipmh.huygens.knaw.nl/oai",
        "note": "",
        "web_services_set": null,
        "web_services": []
    }
},
{
    "model": "centre_registry.oaipmhendpoint",
    "pk": 11,
    "fields": {
        "centre": 3,
        "uri": "https://lindat.mff.cuni.cz/repository/oai/request",
        "note": "",
        "web_services_set": null,
        "web_services": [
            2
        ]
    }
},
{
    "model": "centre_registry.oaipmhendpoint",
    "pk": 12,
    "fields": {
        "centre": 22,
        "uri": "http://repository.dev.clarin.inl.nl/oai/oai_server.php",
        "note": "",
        "web_services_set": null,
        "web_services": []
    }
},
{
    "model": "centre_registry.oaipmhendpoint",
    "pk": 13,
    "fields": {
        "centre": 23,
        "uri": "http://www.meertens.knaw.nl/oai/oai_server.php",
        "note": "",
        "web_services_set": null,
        "web_services": []
    }
},
{
    "model": "centre_registry.oaipmhendpoint",
    "pk": 14,
    "fields": {
        "centre": 15,
        "uri": "http://register.keeleressursid.ee/oaiprovider/oai",
        "note": "",
        "web_services_set": null,
        "web_services": []
    }
},
{
    "model": "centre_registry.oaipmhendpoint",
    "pk": 15,
    "fields": {
        "centre": 2,
        "uri": "http://clarin.oeaw.ac.at/oaiprovider",
        "note": "",
        "web_services_set": null,
        "web_services": []
    }
},
{
    "model": "centre_registry.oaipmhendpoint",
    "pk": 16,
    "fields": {
        "centre": 25,
        "uri": "https://clarin-pl.eu/oai/request",
        "note": "",
        "web_services_set": null,
        "web_services": []
    }
},
{
    "model": "centre_registry.oaipmhendpoint",
    "pk": 17,
    "fields": {
        "centre": 17,
        "uri": "http://metalb.csc.fi/cgi-bin/que",
        "note": "",
        "web_services_set": null,
        "web_services": []
    }
},
{
    "model": "centre_registry.oaipmhendpoint",
    "pk": 18,
    "fields": {
        "centre": 18,
        "uri": "http://alpha.talkbank.org:8089/talkbank-oai/provider",
        "note": "",
        "web_services_set": null,
        "web_services": []
    }
},
{
    "model": "centre_registry.oaipmhendpoint",
    "pk": 19,
    "fields": {
        "centre": 26,
        "uri": "http://www.ota.ox.ac.uk/cgi-bin/oai.pl",
        "note": "",
        "web_services_set": null,
        "web_services": []
    }
},
{
    "model": "centre_registry.oaipmhendpoint",
    "pk": 20,
    "fields": {
        "centre": 14,
        "uri": "http://clarin.dk/oaiprovider/",
        "note": "",
        "web_services_set": null,
        "web_services": []
    }
},
{
    "model": "centre_registry.oaipmhendpoint",
    "pk": 21,
    "fields": {
        "centre": 1,
        "uri": "https://repository.sfb833.uni-tuebingen.de:8443/oaiprovider/",
        "note": "",
        "web_services_set": null,
        "web_services": []
    }
},
{
    "model": "centre_registry.oaipmhendpoint",
    "pk": 22,
    "fields": {
        "centre": 18,
        "uri": "http://alpha.talkbank.org:8089/childes-oai/provider",
        "note": "",
        "web_services_set": null,
        "web_services": []
    }
},
{
    "model": "centre_registry.oaipmhendpoint",
    "pk": 23,
    "fields": {
        "centre": 20,
        "uri": "http://oai.clarin-beta.dans.knaw.nl/OAIHandler",
        "note": "",
        "web_services_set": null,
        "web_services": []
    }
},
{
    "model": "centre_registry.oaipmhendpoint",
    "pk": 24,
    "fields": {
        "centre": 16,
        "uri": "http://ws02.iula.upf.edu/corpus_data/oai-iula/oai.pl",
        "note": "",
        "web_services_set": null,
        "web_services": []
    }
},
{
    "model": "centre_registry.fcsendpoint",
    "pk": 1,
    "fields": {
        "centre": 1,
        "uri": "http://weblicht.sfs.uni-tuebingen.de/rws/sru/",
        "note": ""
    }
},
{
    "model": "centre_registry.fcsendpoint",
    "pk": 3,
    "fields": {
        "centre": 3,
        "uri": "https://lindat.mff.cuni.cz/services/fcs-kontext",
        "note": ""
    }
},
{
    "model": "centre_registry.fcsendpoint",
    "pk": 4,
    "fields": {
        "centre": 3,
        "uri": "https://lindat.mff.cuni.cz/services/fcs-bonito",
        "note": ""
    }
},
{
    "model": "centre_registry.fcsendpoint",
    "pk": 5,
    "fields": {
        "centre": 4,
        "uri": "http://clarinws.informatik.uni-leipzig.de:8080/CQL",
        "note": ""
    }
},
{
    "model": "centre_registry.fcsendpoint",
    "pk": 6,
    "fields": {
        "centre": 5,
        "uri": "https://clarin.phonetik.uni-muenchen.de/BASSRU/",
        "note": ""
    }
},
{
    "model": "centre_registry.fcsendpoint",
    "pk": 7,
    "fields": {
        "centre": 6,
        "uri": "http://dspin.dwds.de:8088/ddc-sru/dingler/",
        "note": ""
    }
},
{
    "model": "centre_registry.fcsendpoint",
    "pk": 8,
    "fields": {
        "centre": 6,
        "uri": "http://dspin.dwds.de:8088/ddc-sru/c4/",
        "note": ""
    }
},
{
    "model": "centre_registry.fcsendpoint",
    "pk": 9,
    "fields": {
        "centre": 6,
        "uri": "http://dspin.dwds.de:8088/ddc-sru/dta/",
        "note": ""
    }
},
{
    "model": "centre_registry.fcsendpoint",
    "pk": 10,
    "fields": {
        "centre": 9,
        "uri": "http://virt-fedora.multilingua.uni-hamburg.de:8080/HZSKsru/",
        "note": ""
    }
},
{
    "model": "centre_registry.fcsendpoint",
    "pk": 11,
    "fields": {
        "centre": 10,
        "uri": "http://clarin01.ims.uni-stuttgart.de/SRUCQIBridge",
        "note": ""
    }
},
{
    "model": "centre_registry.fcsendpoint",
    "pk": 12,
    "fields": {
        "centre": 11,
        "uri": "http://clarin.ids-mannheim.de/cosmassru",
        "note": ""
    }
},
{
    "model": "centre_registry.fcsendpoint",
    "pk": 13,
    "fields": {
        "centre": 11,
        "uri": "http://clarin.ids-mannheim.de/digibibsru",
        "note": ""
    }
},
{
    "model": "centre_registry.fcsendpoint",
    "pk": 14,
    "fields": {
        "centre": 11,
        "uri": "http://clarin.ids-mannheim.de/korapsru",
        "note": ""
    }
},
{
    "model": "centre_registry.fcsendpoint",
    "pk": 15,
    "fields": {
        "centre": 13,
        "uri": "http://fedora.clarin-d.uni-saarland.de/sru/",
        "note": ""
    }
},
{
    "model": "centre_registry.fcsendpoint",
    "pk": 16,
    "fields": {
        "centre": 13,
        "uri": "http://fedora.clarin-d.uni-saarland.de/sru2/",
        "note": ""
    }
},
{
    "model": "centre_registry.fcsendpoint",
    "pk": 17,
    "fields": {
        "centre": 13,
        "uri": "http://fedora.clarin-d.uni-saarland.de/sru3/",
        "note": ""
    }
},
{
    "model": "centre_registry.fcsendpoint",
    "pk": 18,
    "fields": {
        "centre": 20,
        "uri": "http://srucql.dans.knaw.nl/",
        "note": ""
    }
},
{
    "model": "centre_registry.fcsendpoint",
    "pk": 19,
    "fields": {
        "centre": 24,
        "uri": "http://cqlservlet.mpi.nl/",
        "note": ""
    }
},
{
    "model": "centre_registry.fcsendpoint",
    "pk": 21,
    "fields": {
        "centre": 25,
        "uri": "http://fcs.clarin-pl.eu/bonito/run.cgi/fcs",
        "note": ""
    }
},
{
    "model": "centre_registry.samlserviceprovider",
    "pk": 1,
    "fields": {
        "entity_id": "https://weblicht.sfs.uni-tuebingen.de",
        "centre": 1,
        "status_url": "https://weblicht.sfs.uni-tuebingen.de/Shibboleth.sso/Status",
        "production_status": true,
        "note": ""
    }
},
{
    "model": "centre_registry.samlserviceprovider",
    "pk": 2,
    "fields": {
        "entity_id": "http://sp.lat.csc.fi",
        "centre": 17,
        "status_url": "https://lat.csc.fi/Shibboleth.sso/Status",
        "production_status": true,
        "note": ""
    }
},
{
    "model": "centre_registry.samlserviceprovider",
    "pk": 3,
    "fields": {
        "entity_id": "https://clarin.ids-mannheim.de/shibboleth",
        "centre": 11,
        "status_url": "https://clarin.ids-mannheim.de/Shibboleth.sso/Status",
        "production_status": true,
        "note": ""
    }
},
{
    "model": "centre_registry.samlserviceprovider",
    "pk": 4,
    "fields": {
        "entity_id": "https://clarin.oeaw.ac.at/shibboleth",
        "centre": 2,
        "status_url": "https://clarin.oeaw.ac.at/Shibboleth.sso/Status",
        "production_status": true,
        "note": ""
    }
},
{
    "model": "centre_registry.samlserviceprovider",
    "pk": 5,
    "fields": {
        "entity_id": "https://clarin.phonetik.uni-muenchen.de",
        "centre": 5,
        "status_url": "https://clarin.phonetik.uni-muenchen.de/Shibboleth.sso/Status",
        "production_status": true,
        "note": ""
    }
},
{
    "model": "centre_registry.samlserviceprovider",
    "pk": 6,
    "fields": {
        "entity_id": "https://ekrksso.keeleressursid.ee/simplesaml/module.php/saml/sp/metadata.php/ekrk-sp",
        "centre": 15,
        "status_url": "https://ekrksso.keeleressursid.ee/simplesaml/module.php/sanitycheck/index.php",
        "production_status": true,
        "note": ""
    }
},
{
    "model": "centre_registry.samlserviceprovider",
    "pk": 7,
    "fields": {
        "entity_id": "https://infra.clarin.dk/shibboleth",
        "centre": 14,
        "status_url": "https://infra.clarin.dk/Shibboleth.sso/Status",
        "production_status": true,
        "note": ""
    }
},
{
    "model": "centre_registry.samlserviceprovider",
    "pk": 8,
    "fields": {
        "entity_id": "https://openskos.meertens.knaw.nl/shibboleth",
        "centre": 23,
        "status_url": "https://openskos.meertens.knaw.nl/Shibboleth.sso/Status",
        "production_status": true,
        "note": ""
    }
},
{
    "model": "centre_registry.samlserviceprovider",
    "pk": 9,
    "fields": {
        "entity_id": "https://portal.clarin.inl.nl/",
        "centre": 22,
        "status_url": "https://portal.clarin.inl.nl/Shibboleth.sso/Status",
        "production_status": true,
        "note": ""
    }
},
{
    "model": "centre_registry.samlserviceprovider",
    "pk": 10,
    "fields": {
        "entity_id": "https://repos.ids-mannheim.de/shibboleth",
        "centre": 11,
        "status_url": "https://repos.ids-mannheim.de/Shibboleth.sso/Status",
        "production_status": true,
        "note": ""
    }
},
{
    "model": "centre_registry.samlserviceprovider",
    "pk": 11,
    "fields": {
        "entity_id": "https://secure.huygens.knaw.nl",
        "centre": 21,
        "status_url": "",
        "production_status": true,
        "note": ""
    }
},
{
    "model": "centre_registry.samlserviceprovider",
    "pk": 12,
    "fields": {
        "entity_id": "https://shibboleth.bbaw.de/shibboleth",
        "centre": 6,
        "status_url": "https://shibboleth.bbaw.de/Shibboleth.sso/Status",
        "production_status": true,
        "note": ""
    }
},
{
    "model": "centre_registry.samlserviceprovider",
    "pk": 13,
    "fields": {
        "entity_id": "https://sp.catalog.clarin.eu",
        "centre": 24,
        "status_url": "https://catalog.clarin.eu/Shibboleth.sso/Status",
        "production_status": true,
        "note": ""
    }
},
{
    "model": "centre_registry.samlserviceprovider",
    "pk": 14,
    "fields": {
        "entity_id": "https://sp.corpus1.mpi.nl",
        "centre": 24,
        "status_url": "https://corpus1.mpi.nl/Shibboleth.sso/Status",
        "production_status": true,
        "note": ""
    }
},
{
    "model": "centre_registry.samlserviceprovider",
    "pk": 15,
    "fields": {
        "entity_id": "https://sp.korp.csc.fi/",
        "centre": 17,
        "status_url": "https://korp.csc.fi/Shibboleth.sso/Status",
        "production_status": true,
        "note": ""
    }
},
{
    "model": "centre_registry.samlserviceprovider",
    "pk": 16,
    "fields": {
        "entity_id": "https://sp.lux17.mpi.nl",
        "centre": 24,
        "status_url": "https://lux17.mpi.nl/Shibboleth.sso/Status",
        "production_status": true,
        "note": ""
    }
},
{
    "model": "centre_registry.samlserviceprovider",
    "pk": 17,
    "fields": {
        "entity_id": "https://talkbank.talkbank.org/shibboleth",
        "centre": 18,
        "status_url": "https://talkbank.talkbank.org/Shibboleth.sso/Status",
        "production_status": true,
        "note": ""
    }
},
{
    "model": "centre_registry.samlserviceprovider",
    "pk": 18,
    "fields": {
        "entity_id": "https://ufal-point.mff.cuni.cz/shibboleth/eduid/sp",
        "centre": 3,
        "status_url": "https://lindat.mff.cuni.cz/secure/shib_test.pl",
        "production_status": true,
        "note": ""
    }
},
{
    "model": "centre_registry.samlserviceprovider",
    "pk": 19,
    "fields": {
        "entity_id": "https://www.meertens.knaw.nl/Shibboleth.sso/Metadata",
        "centre": 23,
        "status_url": "https://www.meertens.knaw.nl/Shibboleth.sso/Status",
        "production_status": true,
        "note": ""
    }
},
{
    "model": "centre_registry.samlserviceprovider",
    "pk": 20,
    "fields": {
        "entity_id": "https://dev.clarin.nl/shibboleth",
        "centre": 27,
        "status_url": "https://engine.surfconext.nl/authentication/idp/single-sign-on/key:default?SAMLRequest=fVJbT8IwFP4rS99Zt4mCDSOZECMJKmHogy%2BmdGessZzOns7Lv3cbXjAxJn1q%0Av%2FPdTick96YWWeMrXMNzA%2BSDt71BEv1DyhqHwkrSJFDugYRXIs%2BulyIJI1E7%0A662yhgUZETivLc4sUrMHl4N70Qru1suUVd7XJDgv4CVURjqNIRqeV3q7tQZ8%0AFRJZ3pEmfHWbb1gwb11olB3fzzTgTiOE1LhSWYQ335HI1jeg16oHc13UnDTu%0ADAxI73DQXj3BuyiglI3xLLi0TkGfNWUxCxbzlD0O4yI6Hau4VGejE0jisoRi%0AG0dRNC5GcjwatTCiBhZIXqJPWRLFp4Moac8mOhfDM3Fy%2FsCC1WcVFxqL1sD%2F%0AvW0PIBJXm81qcMh8D476vC2ATSdd%2B6IXdkf7%2BJ9Wfi2BTf%2BunL4rn%2FAjgYNa%0ALW5axsV8ZY1W70FmjH2dOZAeuq749DDy%2B6tMPwA%3D%0A&RelayState=cookie%3Ad3672822",
        "production_status": true,
        "note": ""
    }
},
{
    "model": "centre_registry.samlidentityfederation",
    "pk": 1,
    "fields": {
        "shorthand": "DFN-AAI",
        "information_url": "https://www.aai.dfn.de/teilnahme/metadaten/",
        "saml_metadata_url": "https://www.aai.dfn.de/fileadmin/metadata/DFN-AAI-metadata.xml",
        "signing_key": ""
    }
},
{
    "model": "centre_registry.samlidentityfederation",
    "pk": 3,
    "fields": {
        "shorthand": "SURFconext",
        "information_url": "https://wiki.surfnet.nl/display/surfconextdev/Get+Conexted",
        "saml_metadata_url": "https://engine.surfconext.nl/authentication/proxy/idps-metadata",
        "signing_key": ""
    }
},
{
    "model": "centre_registry.samlidentityfederation",
    "pk": 4,
    "fields": {
        "shorthand": "Haka",
        "information_url": "https://confluence.csc.fi/x/9IIUAg",
        "saml_metadata_url": "https://haka.funet.fi/metadata/haka-metadata.xml",
        "signing_key": ""
    }
},
{
    "model": "centre_registry.samlidentityfederation",
    "pk": 5,
    "fields": {
        "shorthand": "Kalmar Union",
        "information_url": "https://www.kalmar2.org/kalmar2web/tech_info.html",
        "saml_metadata_url": "https://kalmar2.org/simplesaml/module.php/aggregator/?id=kalmarcentral2&set=saml2",
        "signing_key": ""
    }
},
{
    "model": "centre_registry.samlidentityfederation",
    "pk": 6,
    "fields": {
        "shorthand": "Belnet",
        "information_url": "http://federation.belnet.be/",
        "saml_metadata_url": "https://federation.belnet.be/federation-metadata.xml",
        "signing_key": ""
    }
},
{
    "model": "centre_registry.samlidentityfederation",
    "pk": 7,
    "fields": {
        "shorthand": "eduID.cz",
        "information_url": "http://eduid.cz/en/tech/summary",
        "saml_metadata_url": "https://metadata.eduid.cz/entities/eduid",
        "signing_key": ""
    }
},
{
    "model": "centre_registry.samlidentityfederation",
    "pk": 8,
    "fields": {
        "shorthand": "CLARIN IdP",
        "information_url": "http://www.clarin.eu/content/clarin-identity-provider",
        "saml_metadata_url": "https://infra.clarin.eu/aai/md_about_spf_sps.xml",
        "signing_key": ""
    }
},
{
    "model": "centre_registry.samlidentityfederation",
    "pk": 9,
    "fields": {
        "shorthand": "ACOnet",
        "information_url": "https://www.aco.net/federation.html?&L=1",
        "saml_metadata_url": "https://eduid.at/md/aconet-registered.xml",
        "signing_key": ""
    }
}
]
