[
{
    "model": "centre_registry.contact",
    "pk": 1,
    "fields": {
        "email_address": "marie.hinrichs@uni-tuebingen.de",
        "name": "Marie Hinrichs",
        "edupersonprincipalname": "marie.hinrichs_uni-tuebingen.de@clarin.eu",
        "telephone_number": "+49 7071 2978490",
        "website_url": "http://www.sfs.uni-tuebingen.de/ascl/mitarbeiter/mitarbeiter-detail/hinrichs-marie.html"
    }
},
{
    "model": "centre_registry.contact",
    "pk": 2,
    "fields": {
        "email_address": "karlheinz.moerth@oeaw.ac.at",
        "name": "Karlheinz Moerth",
        "edupersonprincipalname": null,
        "telephone_number": "+43 1 51581 2329",
        "website_url": ""
    }
},
{
    "model": "centre_registry.contact",
    "pk": 3,
    "fields": {
        "email_address": "matej.durco@assoc.oeaw.ac.at",
        "name": "Matej \u010eur\u010do",
        "edupersonprincipalname": null,
        "telephone_number": "+43 1 51581 2280",
        "website_url": ""
    }
},
{
    "model": "centre_registry.contact",
    "pk": 4,
    "fields": {
        "email_address": "stranak@ufal.mff.cuni.cz",
        "name": "Pavel Stra\u0148\u00e1k",
        "edupersonprincipalname": null,
        "telephone_number": "",
        "website_url": ""
    }
},
{
    "model": "centre_registry.contact",
    "pk": 5,
    "fields": {
        "email_address": "clarin-list@ufal.mff.cuni.cz",
        "name": "Jozef Mi\u0161utka",
        "edupersonprincipalname": null,
        "telephone_number": "",
        "website_url": ""
    }
},
{
    "model": "centre_registry.contact",
    "pk": 6,
    "fields": {
        "email_address": "heyer@informatik.uni-leipzig.de",
        "name": "Prof. Dr. Gerhard Heyer",
        "edupersonprincipalname": null,
        "telephone_number": "+49 341 97 32231",
        "website_url": "http://asv.informatik.uni-leipzig.de/staff/Gerhard_Heyer"
    }
},
{
    "model": "centre_registry.contact",
    "pk": 7,
    "fields": {
        "email_address": "dgoldhahn@informatik.uni-leipzig.de",
        "name": "Dirk Goldhahn",
        "edupersonprincipalname": null,
        "telephone_number": "+49-341-97-32203",
        "website_url": "http://asv.informatik.uni-leipzig.de/staff/Dirk_Goldhahn"
    }
},
{
    "model": "centre_registry.contact",
    "pk": 8,
    "fields": {
        "email_address": "bas@bas.uni-muenchen.de",
        "name": "Christoph Draxler",
        "edupersonprincipalname": null,
        "telephone_number": "+49 89 2802758",
        "website_url": ""
    }
},
{
    "model": "centre_registry.contact",
    "pk": 9,
    "fields": {
        "email_address": "bas@bas.uni-muenchen.de",
        "name": "Florian Schiel",
        "edupersonprincipalname": null,
        "telephone_number": "+49 89 2802758",
        "website_url": ""
    }
},
{
    "model": "centre_registry.contact",
    "pk": 10,
    "fields": {
        "email_address": "geyken@bbaw.de",
        "name": "Alexander Geyken",
        "edupersonprincipalname": null,
        "telephone_number": "+49 30 20370 390",
        "website_url": ""
    }
},
{
    "model": "centre_registry.contact",
    "pk": 11,
    "fields": {
        "email_address": "zimmer@bbaw.de",
        "name": "Kai Zimmer",
        "edupersonprincipalname": null,
        "telephone_number": "+49 30 20370 393",
        "website_url": ""
    }
},
{
    "model": "centre_registry.contact",
    "pk": 12,
    "fields": {
        "email_address": "CLARIN-support@fz-juelich.de",
        "name": "Benedikt von St. Vith",
        "edupersonprincipalname": null,
        "telephone_number": "+49 2461 61 9401 ",
        "website_url": "http://www.fz-juelich.de/SharedDocs/Personen/IAS/JSC/EN/staff/von_st_vieth_b.html"
    }
},
{
    "model": "centre_registry.contact",
    "pk": 13,
    "fields": {
        "email_address": "tibor.kalman@gwdg.de",
        "name": "Tibor K\u00e1lm\u00e1n",
        "edupersonprincipalname": null,
        "telephone_number": "+49 551 201 1541",
        "website_url": "http://www.gwdg.de/index.php?id=2555"
    }
},
{
    "model": "centre_registry.contact",
    "pk": 14,
    "fields": {
        "email_address": "hanna.hedeland@uni-hamburg.de",
        "name": "Hanna Hedeland",
        "edupersonprincipalname": null,
        "telephone_number": "+49 40 428386893",
        "website_url": ""
    }
},
{
    "model": "centre_registry.contact",
    "pk": 15,
    "fields": {
        "email_address": "tommi.antero.pirinen@uni-hamburg.de",
        "name": "Tommi Pirinen",
        "edupersonprincipalname": "                                        ",
        "telephone_number": "",
        "website_url": ""
    }
},
{
    "model": "centre_registry.contact",
    "pk": 16,
    "fields": {
        "email_address": "clarin@ims.uni-stuttgart.de",
        "name": "Prof. Dr. Jonas Kuhn ",
        "edupersonprincipalname": null,
        "telephone_number": "+49 711 68581365",
        "website_url": "http://www.ims.uni-stuttgart.de/institut/mitarbeiter/jonas/"
    }
},
{
    "model": "centre_registry.contact",
    "pk": 17,
    "fields": {
        "email_address": "clarin@ims.uni-stuttgart.de",
        "name": "Wiltrud Kessler",
        "edupersonprincipalname": "wiltrud.kessler_ims.uni-stuttgart.de@clarin.eu",
        "telephone_number": "+4971168581374 ",
        "website_url": "http://www.ims.uni-stuttgart.de/institut/mitarbeiter/kesslewd"
    }
},
{
    "model": "centre_registry.contact",
    "pk": 18,
    "fields": {
        "email_address": "witt@ids-mannheim.de",
        "name": "Andreas Witt",
        "edupersonprincipalname": null,
        "telephone_number": "+49 621 1581432",
        "website_url": "http://www.ids-mannheim.de/direktion/personal/witt.html"
    }
},
{
    "model": "centre_registry.contact",
    "pk": 19,
    "fields": {
        "email_address": "schonefeld@ids-mannheim.de",
        "name": "Oliver Schonefeld",
        "edupersonprincipalname": "schonefeld_ids-mannheim.de@clarin.eu",
        "telephone_number": "+49 6211581451",
        "website_url": ""
    }
},
{
    "model": "centre_registry.contact",
    "pk": 20,
    "fields": {
        "email_address": "clarin-security@rzg.mpg.de",
        "name": "Johannes Reetz",
        "edupersonprincipalname": null,
        "telephone_number": "+49 89 3299 2199",
        "website_url": "http://www.rzg.mpg.de/organisation/mitarbeiter/homepage/template/johannes.reetz@rzg.mpg.de"
    }
},
{
    "model": "centre_registry.contact",
    "pk": 21,
    "fields": {
        "email_address": "florian.kaiser@rzg.mpg.de",
        "name": "Florian Kaiser",
        "edupersonprincipalname": null,
        "telephone_number": "",
        "website_url": ""
    }
},
{
    "model": "centre_registry.contact",
    "pk": 22,
    "fields": {
        "email_address": "e.teich@mx.uni-saarland.de",
        "name": "Prof. Elke Teich",
        "edupersonprincipalname": null,
        "telephone_number": "",
        "website_url": ""
    }
},
{
    "model": "centre_registry.contact",
    "pk": 23,
    "fields": {
        "email_address": "j.knappen@mx.uni-saarland.de",
        "name": "J\u00f6rg Knappen",
        "edupersonprincipalname": null,
        "telephone_number": "+49 681 3024484",
        "website_url": ""
    }
},
{
    "model": "centre_registry.contact",
    "pk": 24,
    "fields": {
        "email_address": "bmaegaard@hum.ku.dk",
        "name": "Bente Maegaard",
        "edupersonprincipalname": null,
        "telephone_number": "+45 35329074",
        "website_url": "http://cst.ku.dk/ansatte/profil/?id=29896"
    }
},
{
    "model": "centre_registry.contact",
    "pk": 25,
    "fields": {
        "email_address": "leneo@hum.ku.dk",
        "name": "Lene Offersgaard",
        "edupersonprincipalname": null,
        "telephone_number": "+45 3532 9081",
        "website_url": "http://cst.ku.dk/ansatte//profil/?id=88369"
    }
},
{
    "model": "centre_registry.contact",
    "pk": 26,
    "fields": {
        "email_address": "kadri.vider@ut.ee",
        "name": "Kadri Vider",
        "edupersonprincipalname": null,
        "telephone_number": "",
        "website_url": ""
    }
},
{
    "model": "centre_registry.contact",
    "pk": 27,
    "fields": {
        "email_address": "krista.liin@ut.ee",
        "name": "Krista Liin",
        "edupersonprincipalname": null,
        "telephone_number": "",
        "website_url": ""
    }
},
{
    "model": "centre_registry.contact",
    "pk": 28,
    "fields": {
        "email_address": "Marta.villegas@upf.edu",
        "name": "Marta Villegas",
        "edupersonprincipalname": null,
        "telephone_number": "",
        "website_url": ""
    }
},
{
    "model": "centre_registry.contact",
    "pk": 29,
    "fields": {
        "email_address": "finclarin@helsinki.fi",
        "name": "Krister Lind\u00e9n",
        "edupersonprincipalname": "finclarin_helsinki.fi@clarin.eu",
        "telephone_number": "",
        "website_url": ""
    }
},
{
    "model": "centre_registry.contact",
    "pk": 31,
    "fields": {
        "email_address": "spektor@andrew.cmu.edu",
        "name": "Leonid Spektor",
        "edupersonprincipalname": null,
        "telephone_number": "",
        "website_url": ""
    }
},
{
    "model": "centre_registry.contact",
    "pk": 32,
    "fields": {
        "email_address": "macw@cmu.edu",
        "name": "Brian MacWhinney",
        "edupersonprincipalname": null,
        "telephone_number": "",
        "website_url": "http://psyling.psy.cmu.edu/"
    }
},
{
    "model": "centre_registry.contact",
    "pk": 33,
    "fields": {
        "email_address": "rvanveenendaal@taalunie.org",
        "name": "Remco van Veenendaal",
        "edupersonprincipalname": null,
        "telephone_number": "+31 6 46828648",
        "website_url": ""
    }
},
{
    "model": "centre_registry.contact",
    "pk": 34,
    "fields": {
        "email_address": "chris.baars@dans.knaw.nl",
        "name": "Chris Baars",
        "edupersonprincipalname": "chris.baars@dans.knaw.nl",
        "telephone_number": " +31 6 23 38 06 22 ",
        "website_url": "https://dans.knaw.nl/nl/over/organisatie-beleid/medewerkers/baars"
    }
},
{
    "model": "centre_registry.contact",
    "pk": 35,
    "fields": {
        "email_address": "ronald.dekker@huygens.knaw.nl",
        "name": "Ronald Dekker",
        "edupersonprincipalname": null,
        "telephone_number": "",
        "website_url": ""
    }
},
{
    "model": "centre_registry.contact",
    "pk": 37,
    "fields": {
        "email_address": "systeembeheer@inl.nl",
        "name": "N.N. (Systeembeheer)",
        "edupersonprincipalname": "systeembeheer_inl.nl@clarin.eu",
        "telephone_number": "+31 71 5272481",
        "website_url": ""
    }
},
{
    "model": "centre_registry.contact",
    "pk": 38,
    "fields": {
        "email_address": "Marc.Kemps.Snijders@meertens.knaw.nl",
        "name": "Marc Kemps-Snijders",
        "edupersonprincipalname": null,
        "telephone_number": "+31 20 4628550",
        "website_url": "http://www.meertens.knaw.nl/cms/en/staff/143329-marck"
    }
},
{
    "model": "centre_registry.contact",
    "pk": 39,
    "fields": {
        "email_address": "dieter@clarin.eu",
        "name": "Dieter Van Uytvanck",
        "edupersonprincipalname": "dietuyt_mpi.nl@clarin.eu",
        "telephone_number": "+31 85 0091363",
        "website_url": "http://www.mpi.nl/people/uytvanck-dieter-van"
    }
},
{
    "model": "centre_registry.contact",
    "pk": 40,
    "fields": {
        "email_address": "maciej.piasecki@pwr.wroc.pl",
        "name": "Maciej Piasecki",
        "edupersonprincipalname": null,
        "telephone_number": "+48 71 320 42 21",
        "website_url": ""
    }
},
{
    "model": "centre_registry.contact",
    "pk": 41,
    "fields": {
        "email_address": "michal.marcinczuk@pwr.wroc.pl",
        "name": "Micha\u0142 Marci\u0144czuk",
        "edupersonprincipalname": null,
        "telephone_number": "+48 71 320 42 24",
        "website_url": ""
    }
},
{
    "model": "centre_registry.contact",
    "pk": 42,
    "fields": {
        "email_address": "martin.wynne@bodleian.ox.ac.uk",
        "name": "Martin Wynne",
        "edupersonprincipalname": "martin.wynne_bodleian.ox.ac.uk@clarin.eu",
        "telephone_number": "",
        "website_url": ""
    }
},
{
    "model": "centre_registry.contact",
    "pk": 43,
    "fields": {
        "email_address": "j.odijk@uu.nl",
        "name": "Prof. Jan Odijk",
        "edupersonprincipalname": null,
        "telephone_number": "",
        "website_url": ""
    }
},
{
    "model": "centre_registry.contact",
    "pk": 44,
    "fields": {
        "email_address": "daan.broeder@di.huc.knaw.nl",
        "name": "Daan Broeder",
        "edupersonprincipalname": "daan.broeder@di.huc.knaw.nl",
        "telephone_number": "+31204628625",
        "website_url": ""
    }
},
{
    "model": "centre_registry.contact",
    "pk": 45,
    "fields": {
        "email_address": "contact@sldr.org",
        "name": "Philippe Blache",
        "edupersonprincipalname": "contact_sldr.org@clarin.eu",
        "telephone_number": "+33 33.4136",
        "website_url": ""
    }
},
{
    "model": "centre_registry.contact",
    "pk": 46,
    "fields": {
        "email_address": "webmaster@sldr.org",
        "name": "Bernard Bel",
        "edupersonprincipalname": null,
        "telephone_number": "+33 33.6701",
        "website_url": ""
    }
},
{
    "model": "centre_registry.contact",
    "pk": 49,
    "fields": {
        "email_address": "sander@clarin.eu",
        "name": "Sander Maijers",
        "edupersonprincipalname": "sander_clarin.eu@clarin.eu",
        "telephone_number": "",
        "website_url": ""
    }
},
{
    "model": "centre_registry.contact",
    "pk": 50,
    "fields": {
        "email_address": "desmedt@uib.no",
        "name": "Koenraad De Smedt",
        "edupersonprincipalname": "desmedt@uib.no",
        "telephone_number": "+47 55 58 20 52",
        "website_url": "http://www.uib.no/personer/Koenraad.De.Smedt"
    }
},
{
    "model": "centre_registry.contact",
    "pk": 52,
    "fields": {
        "email_address": "repo-technical@clarin.si",
        "name": "Jan Jona Javor\u0161ek",
        "edupersonprincipalname": "jan.javorsek@ijs.si",
        "telephone_number": "",
        "website_url": ""
    }
},
{
    "model": "centre_registry.contact",
    "pk": 53,
    "fields": {
        "email_address": "tomaz.erjavec@ijs.si",
        "name": "Toma\u017e Erjavec",
        "edupersonprincipalname": "tomaz.erjavec@ijs.si",
        "telephone_number": "+386 1 477 35 07",
        "website_url": "http://nl.ijs.si/et/"
    }
},
{
    "model": "centre_registry.contact",
    "pk": 54,
    "fields": {
        "email_address": "bas@rzg.mpg.de",
        "name": "Beatriz Sanchez Bribian",
        "edupersonprincipalname": "",
        "telephone_number": "",
        "website_url": ""
    }
},
{
    "model": "centre_registry.contact",
    "pk": 55,
    "fields": {
        "email_address": "ccoltekin@gmail.com",
        "name": "\u00c7a\u011fr\u0131 \u00c7\u00f6ltekin",
        "edupersonprincipalname": "ccoltekin_gmail.com@clarin.eu",
        "telephone_number": "",
        "website_url": ""
    }
},
{
    "model": "centre_registry.contact",
    "pk": 56,
    "fields": {
        "email_address": "emanuel.dima@uni-tuebingen.de",
        "name": "Emanuel Dima",
        "edupersonprincipalname": "emanuel.dima_uni-tuebingen.de@clarin.eu",
        "telephone_number": "",
        "website_url": ""
    }
},
{
    "model": "centre_registry.contact",
    "pk": 58,
    "fields": {
        "email_address": "Ivan.Skoglund@nb.no",
        "name": "Ivan Skoglund",
        "edupersonprincipalname": "Ivan.Skoglund_nb.no@clarin.eu",
        "telephone_number": "",
        "website_url": ""
    }
},
{
    "model": "centre_registry.contact",
    "pk": 59,
    "fields": {
        "email_address": "nuria.bel@upf.edu",
        "name": "N\u00faria Bel",
        "edupersonprincipalname": "nuria.bel@upf.edu",
        "telephone_number": "+34 935422250 ",
        "website_url": "http://www.upf.edu/pdi/iula/nuria.bel"
    }
},
{
    "model": "centre_registry.contact",
    "pk": 60,
    "fields": {
        "email_address": "gabriel.bergounioux@univ-orleans.fr",
        "name": "Gabriel Bergounioux ",
        "edupersonprincipalname": "gabriel.bergounioux@univ-orleans.fr",
        "telephone_number": "",
        "website_url": ""
    }
},
{
    "model": "centre_registry.contact",
    "pk": 61,
    "fields": {
        "email_address": "jacobson@vjf.cnrs.fr",
        "name": "Michel Jacobson",
        "edupersonprincipalname": "jacobson@vjf.cnrs.fr",
        "telephone_number": "",
        "website_url": ""
    }
},
{
    "model": "centre_registry.contact",
    "pk": 62,
    "fields": {
        "email_address": "edlund@speech.kth.se",
        "name": "Jens Edlund",
        "edupersonprincipalname": "                                                               ",
        "telephone_number": "+4 687 907 874",
        "website_url": "https://www.kth.se/en/csc/forskning/tmh"
    }
},
{
    "model": "centre_registry.contact",
    "pk": 63,
    "fields": {
        "email_address": "itcentraalhuygens@huygens.knaw.nl",
        "name": "Jauco Noordzij",
        "edupersonprincipalname": "                                                                                            ",
        "telephone_number": "",
        "website_url": ""
    }
},
{
    "model": "centre_registry.contact",
    "pk": 64,
    "fields": {
        "email_address": "Monica.Monachini@ilc.cnr.it",
        "name": "Monica Monachini",
        "edupersonprincipalname": "monica.monachini_ilc.cnr.it@clarin.eu",
        "telephone_number": "+39503152852",
        "website_url": "http://www.ilc.cnr.it"
    }
},
{
    "model": "centre_registry.contact",
    "pk": 65,
    "fields": {
        "email_address": "dspace-clarin-it-ilc-technical@ilc.cnr.it",
        "name": "Alessandro Enea",
        "edupersonprincipalname": "alessandro.enea_ilc.cnr.it@clarin.eu",
        "telephone_number": "+39503152842",
        "website_url": "http://www.ilc.cnr.it"
    }
},
{
    "model": "centre_registry.contact",
    "pk": 68,
    "fields": {
        "email_address": "gleim@em.uni-frankfurt.de",
        "name": " R\u00fcdiger Gleim",
        "edupersonprincipalname": "                                                                                    ",
        "telephone_number": "+49 69 7983",
        "website_url": "https://hucompute.org/team/rudiger-gleim/default.htm"
    }
},
{
    "model": "centre_registry.contact",
    "pk": 69,
    "fields": {
        "email_address": "abrami@em.uni-frankfurt.de",
        "name": " Giuseppe Abrami",
        "edupersonprincipalname": "                                                     ",
        "telephone_number": "+49 69 7983",
        "website_url": "https://hucompute.org/team/giuseppe-abrami"
    }
},
{
    "model": "centre_registry.contact",
    "pk": 70,
    "fields": {
        "email_address": "a.utka@hmf.vdu.lt",
        "name": "Andrius Utka",
        "edupersonprincipalname": "a.utka_hmf.vdu.lt@clarin.eu",
        "telephone_number": "+37068871853 ",
        "website_url": ""
    }
},
{
    "model": "centre_registry.contact",
    "pk": 71,
    "fields": {
        "email_address": "martynas@ore.lt",
        "name": "Martynas Savickis ",
        "edupersonprincipalname": "martynas_ore.lt@clarin.eu",
        "telephone_number": "+37061804223",
        "website_url": ""
    }
},
{
    "model": "centre_registry.contact",
    "pk": 72,
    "fields": {
        "email_address": "sb-info@svenska.gu.se",
        "name": "Lars Borin",
        "edupersonprincipalname": "sb-info@svenska.gu.se",
        "telephone_number": "",
        "website_url": ""
    }
},
{
    "model": "centre_registry.contact",
    "pk": 73,
    "fields": {
        "email_address": "sb-sysadmin@svenska.gu.se",
        "name": "Leif-J\u00f6ran Olsson ",
        "edupersonprincipalname": "sb-sysadmin@svenska.gu.se",
        "telephone_number": "",
        "website_url": ""
    }
},
{
    "model": "centre_registry.contact",
    "pk": 74,
    "fields": {
        "email_address": "andreas.blaette@uni-due.de",
        "name": "Andreas Blaette",
        "edupersonprincipalname": "andreas.blaette_uni-due.de@clarin.eu",
        "telephone_number": "+491777411482 ",
        "website_url": "http://www.andreas-blaette.de"
    }
},
{
    "model": "centre_registry.contact",
    "pk": 75,
    "fields": {
        "email_address": "simgeh@posteo.de",
        "name": "Simon Gehlhar",
        "edupersonprincipalname": " simgeh_posteo.de@clarin.ei",
        "telephone_number": "+492033792572 ",
        "website_url": ""
    }
},
{
    "model": "centre_registry.contact",
    "pk": 76,
    "fields": {
        "email_address": "latadmin@mpi.nl",
        "name": "Paul Trilsbeek",
        "edupersonprincipalname": "latadmin_mpi.nl@clarin.eu",
        "telephone_number": "",
        "website_url": ""
    }
},
{
    "model": "centre_registry.contact",
    "pk": 77,
    "fields": {
        "email_address": "joomen@beeldengeluid.nl",
        "name": "Johan Oomen",
        "edupersonprincipalname": "joomen_beeldengeluid.nl@clarin.eu",
        "telephone_number": "+31356775189 ",
        "website_url": "https://www.linkedin.com/in/johanoomen"
    }
},
{
    "model": "centre_registry.contact",
    "pk": 78,
    "fields": {
        "email_address": "tkaravellas@beeldengeluid.nl",
        "name": "Themistoklis Karavellas",
        "edupersonprincipalname": "tkaravellas_beeldengeluid.nl@clarin.eu",
        "telephone_number": "+31356771679",
        "website_url": "https://www.linkedin.com/in/tkaravellas"
    }
},
{
    "model": "centre_registry.contact",
    "pk": 79,
    "fields": {
        "email_address": "h.vandenheuvel@let.ru.nl",
        "name": "Henk van den Heuvel",
        "edupersonprincipalname": "h.vandenheuvel_let.ru.nl@clarin.eu",
        "telephone_number": "+31243611686",
        "website_url": ""
    }
},
{
    "model": "centre_registry.contact",
    "pk": 80,
    "fields": {
        "email_address": "w.stoop@let.ru.nl",
        "name": "Wessel Stoop",
        "edupersonprincipalname": "w.stoop_let.ru.nl@clarin.eu",
        "telephone_number": "+31243612055",
        "website_url": ""
    }
},
{
    "model": "centre_registry.contact",
    "pk": 81,
    "fields": {
        "email_address": "clarin@ims.uni-stuttgart.de",
        "name": "Gerhard Kremer",
        "edupersonprincipalname": "                                                            ",
        "telephone_number": "+49 711 685 81327",
        "website_url": "http://www.ims.uni-stuttgart.de/institut/mitarbeiter/gerhard/"
    }
},
{
    "model": "centre_registry.contact",
    "pk": 82,
    "fields": {
        "email_address": "clarin@ims.uni-stuttgart.de",
        "name": "Gerhard Kremer",
        "edupersonprincipalname": "                                                                                                    ",
        "telephone_number": "+49 711 685 81327",
        "website_url": "http://www.ims.uni-stuttgart.de/institut/mitarbeiter/gerhard/"
    }
},
{
    "model": "centre_registry.contact",
    "pk": 83,
    "fields": {
        "email_address": "clarin@ims.uni-stuttgart.de",
        "name": "Gerhard Kremer",
        "edupersonprincipalname": "                       ",
        "telephone_number": "+49 711 685 81327",
        "website_url": "http://www.ims.uni-stuttgart.de/institut/mitarbeiter/gerhard/"
    }
},
{
    "model": "centre_registry.contact",
    "pk": 84,
    "fields": {
        "email_address": "clarin@ims.uni-stuttgart.de",
        "name": "Gerhard Kremer",
        "edupersonprincipalname": "gerhard.kremer_ims.uni-stuttgart.de@clarin.eu",
        "telephone_number": "+49 711 685 81327",
        "website_url": "http://www.ims.uni-stuttgart.de/institut/mitarbeiter/gerhard/"
    }
},
{
    "model": "centre_registry.contact",
    "pk": 85,
    "fields": {
        "email_address": "helmut.kowar@oeaw.ac.at",
        "name": "Helmut Kowar",
        "edupersonprincipalname": "helmut.kowar_oeaw.ac.at@clarin.eu",
        "telephone_number": "+431427729604",
        "website_url": ""
    }
},
{
    "model": "centre_registry.contact",
    "pk": 86,
    "fields": {
        "email_address": "johannes.spitzbart@oeaw.ac.at",
        "name": "Johannes Spitzbart",
        "edupersonprincipalname": "johannes.spitzbart_oeaw.ac.at@clarin.eu",
        "telephone_number": "+431427729612",
        "website_url": ""
    }
},
{
    "model": "centre_registry.contact",
    "pk": 87,
    "fields": {
        "email_address": "sweclarin_lund@humlab.lu.se",
        "name": "N.N. (SWE-CLARIN)",
        "edupersonprincipalname": "sweclarin_lund_humlab.lu.se@clarin.eu",
        "telephone_number": "",
        "website_url": ""
    }
},
{
    "model": "centre_registry.contact",
    "pk": 88,
    "fields": {
        "email_address": "j.h.undlien@iln.uio.no",
        "name": "Jan Halvor Undlien",
        "edupersonprincipalname": "j.h.undlien_iln.uio.no@clarin.eu",
        "telephone_number": "+47 22856747",
        "website_url": "http://www.hf.uio.no/iln/english/"
    }
},
{
    "model": "centre_registry.contact",
    "pk": 89,
    "fields": {
        "email_address": "tekstlab-post@iln.uio.no",
        "name": "Kristin Hagen",
        "edupersonprincipalname": "tekstlab-post_iln.uio.no@clarin.eu",
        "telephone_number": "+47 22857110",
        "website_url": "http://www.hf.uio.no/iln/english/about/organization/text-laboratory/"
    }
},
{
    "model": "centre_registry.contact",
    "pk": 90,
    "fields": {
        "email_address": "menzo.windhouwer@meertens.knaw.nl",
        "name": "Menzo Windhouwer",
        "edupersonprincipalname": "menzo.windhouwer2@meertens.knaw.nl",
        "telephone_number": "0031204628522",
        "website_url": "http://www.meertens.knaw.nl/cms/nl/medewerkers/144709-menzowi"
    }
},
{
    "model": "centre_registry.contact",
    "pk": 91,
    "fields": {
        "email_address": "veronique.ginouves@univ-amu.fr",
        "name": "V\u00e9ronique Ginouv\u00e8s",
        "edupersonprincipalname": "veronique.ginouves@univ-amu.fr",
        "telephone_number": "+3339442514113",
        "website_url": "http://phonotheque.mmsh.huma-num.fr"
    }
},
{
    "model": "centre_registry.contact",
    "pk": 92,
    "fields": {
        "email_address": "wei.qiu@uni-tuebingen.de",
        "name": "Wei Qiu",
        "edupersonprincipalname": "wei.qiu_uni-tuebingen.de@clarin.eu",
        "telephone_number": "",
        "website_url": ""
    }
},
{
    "model": "centre_registry.contact",
    "pk": 93,
    "fields": {
        "email_address": "secretariaat@ivdnt.org",
        "name": "Secretariaat",
        "edupersonprincipalname": "secretariaat_ivdnt.org@clarin.eu",
        "telephone_number": "+31 71 5141648",
        "website_url": ""
    }
},
{
    "model": "centre_registry.contact",
    "pk": 94,
    "fields": {
        "email_address": "acdh@oeaw.ac.at",
        "name": "Matej \u010eur\u010do, Karlheinz M\u00f6rth ",
        "edupersonprincipalname": "acdh@oeaw.ac.at",
        "telephone_number": "+43 1 515 812 200 ",
        "website_url": "https://www.oeaw.ac.at/acdh/"
    }
},
{
    "model": "centre_registry.contact",
    "pk": 95,
    "fields": {
        "email_address": "acdh-tech@oeaw.ac.at",
        "name": "Matej \u010eur\u010do, Dalibor Pancic ",
        "edupersonprincipalname": "acdh-tech@oeaw.ac.at",
        "telephone_number": "+43 1 515 812 212 ",
        "website_url": ""
    }
},
{
    "model": "centre_registry.contact",
    "pk": 96,
    "fields": {
        "email_address": "dalibor.pancic@oeaw.ac.at",
        "name": "Dalibor Pancic",
        "edupersonprincipalname": "dalibor.pancic@oeaw.ac.at",
        "telephone_number": "",
        "website_url": ""
    }
},
{
    "model": "centre_registry.contact",
    "pk": 97,
    "fields": {
        "email_address": "Paul.Trilsbeek@mpi.nl",
        "name": "Paul Trilsbeek",
        "edupersonprincipalname": "Paul.Trilsbeek_mpi.nl@clarin.eu",
        "telephone_number": "",
        "website_url": ""
    }
},
{
    "model": "centre_registry.contact",
    "pk": 98,
    "fields": {
        "email_address": "ckld-internal@uni-koeln.de",
        "name": "Felix Rau",
        "edupersonprincipalname": "ckld-internal_uni-koeln.de@clarin.eu",
        "telephone_number": "+492214707213",
        "website_url": "https://support.clarin-d.de/mail/?lang=en&QueueID=43"
    }
},
{
    "model": "centre_registry.contact",
    "pk": 99,
    "fields": {
        "email_address": "lac-manager@uni-koeln.de",
        "name": "Felix Rau",
        "edupersonprincipalname": "lac-manager_uni-koeln.de@clarin.eu",
        "telephone_number": "+492214707213",
        "website_url": "http://dch.phil-fak.uni-koeln.de/kontakt.html"
    }
},
{
    "model": "centre_registry.contact",
    "pk": 100,
    "fields": {
        "email_address": "obiajulu.odu@uit.no",
        "name": "Obiajulu Odu",
        "edupersonprincipalname": "obiajulu.odu_uit.no@clarin.eu",
        "telephone_number": "+4777645299 ",
        "website_url": "https://en.uit.no/om/enhet/ansatte/person?p_document_id=41242"
    }
},
{
    "model": "centre_registry.contact",
    "pk": 101,
    "fields": {
        "email_address": "philipp.conzett@uit.no",
        "name": "Philipp Conzett",
        "edupersonprincipalname": "philipp.conzett_uit.no@clarin.eu",
        "telephone_number": "+4777645361",
        "website_url": "https://orcid.org/0000-0002-6754-7911"
    }
},
{
    "model": "centre_registry.contact",
    "pk": 102,
    "fields": {
        "email_address": "Andrea.Abel@eurac.edu",
        "name": "Andrea Abel",
        "edupersonprincipalname": "Andrea.Abel@eurac.edu",
        "telephone_number": "+390471055121",
        "website_url": "http://www.eurac.edu/en/aboutus/people/Pages/staffdetails.aspx?persId=7"
    }
},
{
    "model": "centre_registry.contact",
    "pk": 103,
    "fields": {
        "email_address": "Alexander.Koenig@eurac.edu",
        "name": "Alexander K\u00f6nig",
        "edupersonprincipalname": "Alexander.Koenig@eurac.edu",
        "telephone_number": "+390471055129",
        "website_url": "http://www.eurac.edu/en/aboutus/people/Pages/staffdetails.aspx?persId=42269"
    }
},
{
    "model": "centre_registry.contact",
    "pk": 104,
    "fields": {
        "email_address": "sysops@clarin.eu",
        "name": "CLARIN ERIC sysops",
        "edupersonprincipalname": "sysops_clarin.eu@clarin.eu",
        "telephone_number": "",
        "website_url": "https://www.clarin.eu"
    }
},
{
    "model": "centre_registry.contact",
    "pk": 105,
    "fields": {
        "email_address": "kielipankki@csc.fi",
        "name": "Martin Matthiesen",
        "edupersonprincipalname": "kielipankki_csc.fi@clarin.eu",
        "telephone_number": "+35894572821",
        "website_url": "https://www.kielipankki.fi/organization/"
    }
},
{
    "model": "centre_registry.contact",
    "pk": 106,
    "fields": {
        "email_address": "costanza@hum.ku.dk",
        "name": "Costanza Navarretta",
        "edupersonprincipalname": "costanza_hum.ku.dk@clarin.eu",
        "telephone_number": "+45 35329079",
        "website_url": "https://cst.ku.dk/ansatte/?pure=da/persons/53191"
    }
},
{
    "model": "centre_registry.contact",
    "pk": 107,
    "fields": {
        "email_address": "bartj@hum.ku.dk",
        "name": "Bart Jongejan",
        "edupersonprincipalname": "bartj_hum.ku.dk@clarin.eu",
        "telephone_number": "",
        "website_url": ""
    }
},
{
    "model": "centre_registry.contact",
    "pk": 108,
    "fields": {
        "email_address": "tsmoliveira@fc.ul.pt",
        "name": "T\u00e2nia Sofia Oliveira",
        "edupersonprincipalname": "tsmoliveira_fc.ul.pt@clarin.eu",
        "telephone_number": "+3517500461",
        "website_url": ""
    }
},
{
    "model": "centre_registry.contact",
    "pk": 109,
    "fields": {
        "email_address": "luis.gomes@di.fc.ul.pt",
        "name": "Lu\u00eds Gomes",
        "edupersonprincipalname": "luis.gomes_di.fc.ul.pt@clarin.eu",
        "telephone_number": "+351217500738",
        "website_url": ""
    }
},
{
    "model": "centre_registry.contact",
    "pk": 110,
    "fields": {
        "email_address": "michal.kren@ff.cuni.cz",
        "name": "Michal K\u0159en",
        "edupersonprincipalname": "michal.kren_ff.cuni.cz@clarin.eu",
        "telephone_number": "+420221619844",
        "website_url": ""
    }
},
{
    "model": "centre_registry.contact",
    "pk": 111,
    "fields": {
        "email_address": "davidh@csc.kth.se",
        "name": "David House",
        "edupersonprincipalname": "David House",
        "telephone_number": "",
        "website_url": ""
    }
},
{
    "model": "centre_registry.contact",
    "pk": 112,
    "fields": {
        "email_address": "isabel.martinez@digitisation.eu",
        "name": "Isabel Mart\u00ednez-Sempere",
        "edupersonprincipalname": "isabel.martinez_digitisation.eu@clarin.eu",
        "telephone_number": "+34 636132125",
        "website_url": "https://www.digitisation.eu"
    }
},
{
    "model": "centre_registry.contact",
    "pk": 113,
    "fields": {
        "email_address": "mats.wiren@ling.su.se",
        "name": "Mats Wir\u00e9n",
        "edupersonprincipalname": "mats.wiren@ling.su.se@clarin.eu",
        "telephone_number": "",
        "website_url": "https://sweclarin.se/eng/centers/sms"
    }
},
{
    "model": "centre_registry.contact",
    "pk": 114,
    "fields": {
        "email_address": "eva.pettersson@lingfil.uu.se",
        "name": "Eva Pettersson",
        "edupersonprincipalname": "eva.pettersson.lingfil.uu.se@clarin.eu",
        "telephone_number": "+46 768281212",
        "website_url": "https://sweclarin.se/eng/centers/diares"
    }
},
{
    "model": "centre_registry.contact",
    "pk": 115,
    "fields": {
        "email_address": "clarin@univie.ac.at",
        "name": "Vesna Lusicky",
        "edupersonprincipalname": "clarin.univie.ac.at@clarin.eu",
        "telephone_number": "",
        "website_url": "https://trtc.univie.ac.at"
    }
},
{
    "model": "centre_registry.contact",
    "pk": 116,
    "fields": {
        "email_address": "swe-clarin@sprakochfolkminnen.se",
        "name": "SWE-CLARIN_sprakochfolkminnen",
        "edupersonprincipalname": "swe-clarin_sprakochfolkminnen.se@clarin.eu",
        "telephone_number": "",
        "website_url": "http://www.sprakochfolkminnen.se/swe-clarin"
    }
},
{
    "model": "centre_registry.contact",
    "pk": 117,
    "fields": {
        "email_address": "davidh@csc.kth.se",
        "name": "David House",
        "edupersonprincipalname": "davidh_csc.kth.se@clarin.eu",
        "telephone_number": "",
        "website_url": "https://sweclarin.se/eng/centers/kth"
    }
},
{
    "model": "centre_registry.contact",
    "pk": 118,
    "fields": {
        "email_address": "Attie.deLange@nwu.ac.za",
        "name": "Attie de Lange",
        "edupersonprincipalname": "Attie.deLange_nwu.ac.za@clarin.eu",
        "telephone_number": "+27182852751",
        "website_url": ""
    }
},
{
    "model": "centre_registry.contact",
    "pk": 119,
    "fields": {
        "email_address": "Roald.Eiselen@nwu.ac.za",
        "name": "Roald Eiselen",
        "edupersonprincipalname": "Roald.Eiselen_nwu.ac.za@clarin.eu",
        "telephone_number": "+27182852739",
        "website_url": ""
    }
},
{
    "model": "centre_registry.contact",
    "pk": 120,
    "fields": {
        "email_address": "nikola.ljubesic@ijs.si",
        "name": "Nikola Ljube\u0161i\u0107",
        "edupersonprincipalname": "nikola.ljubesic_ijs.si@clarin.eu",
        "telephone_number": "",
        "website_url": "http://www.clarin.si/info/k-centre/"
    }
},
{
    "model": "centre_registry.contact",
    "pk": 121,
    "fields": {
        "email_address": "nielaender@leibniz-gei.de",
        "name": "Maret Niel\u00e4nder",
        "edupersonprincipalname": "nielaender_leibniz-gei.de@clarin.eu",
        "telephone_number": "",
        "website_url": ""
    }
},
{
    "model": "centre_registry.contact",
    "pk": 122,
    "fields": {
        "email_address": "nielaender@leibniz-gei.de",
        "name": "Maret Niel\u00e4nder",
        "edupersonprincipalname": "nielaender_leibniz-gei_de@clarin.eu",
        "telephone_number": "",
        "website_url": ""
    }
},
{
    "model": "centre_registry.contact",
    "pk": 123,
    "fields": {
        "email_address": "clarin@leibniz-gei.de",
        "name": "Ernesto William De Luca, Kerstin Schwedes, Maret Niel\u00e4nder",
        "edupersonprincipalname": "clarin_leibniz-gei.de@clarin.eu",
        "telephone_number": "",
        "website_url": "http://worldviews.gei.de"
    }
},
{
    "model": "centre_registry.contact",
    "pk": 124,
    "fields": {
        "email_address": "funk@sub.uni-goettingen.de",
        "name": "Stefan E. Funk",
        "edupersonprincipalname": "funk_sub.uni-goettingen.de@clarin.eu",
        "telephone_number": "",
        "website_url": "https://repository.de.dariah.eu/doc/services/index.html"
    }
},
{
    "model": "centre_registry.contact",
    "pk": 125,
    "fields": {
        "email_address": "info@de.dariah.eu",
        "name": "DARIAH-DE Coordination Office",
        "edupersonprincipalname": "info_de.dariah.eu@clarin.eu",
        "telephone_number": "",
        "website_url": "https://de.dariah.eu/kontakt"
    }
},
{
    "model": "centre_registry.contact",
    "pk": 126,
    "fields": {
        "email_address": "Vigdis.Kvalheim@nsd.no",
        "name": "Vigdis Kvalheim",
        "edupersonprincipalname": "Vigdis.Kvalheim_nsd.no@clarin.eu",
        "telephone_number": "",
        "website_url": "https://nsd.no/clarin-k-centre"
    }
},
{
    "model": "centre_registry.contact",
    "pk": 127,
    "fields": {
        "email_address": "eirikur.rognvaldsson@arnastofnun.is",
        "name": "Eir\u00edkur R\u00f6gnvaldsson",
        "edupersonprincipalname": "eirikur.rognvaldsson_arnastofnun.is@clarin.eu",
        "telephone_number": "+3548616417",
        "website_url": "https://clarin.is"
    }
},
{
    "model": "centre_registry.contact",
    "pk": 128,
    "fields": {
        "email_address": "samuel.thorisson@arnastofnun.is",
        "name": "Sam\u00fael Th\u00f3risson",
        "edupersonprincipalname": "samuel.thorisson_arnastofnun.is@clarin.eu",
        "telephone_number": "+3547792800",
        "website_url": "https://clarin.is"
    }
},
{
    "model": "centre_registry.consortium",
    "pk": 1,
    "fields": {
        "country_code": "DE",
        "country_name": "Germany",
        "is_observer": false,
        "name": "CLARIN-D",
        "website_url": "http://www.clarin-d.de/",
        "alias": "de"
    }
},
{
    "model": "centre_registry.consortium",
    "pk": 2,
    "fields": {
        "country_code": "AT",
        "country_name": "Austria",
        "is_observer": false,
        "name": "Digital Humanities Austria",
        "website_url": "http://digital-humanities.at",
        "alias": "at"
    }
},
{
    "model": "centre_registry.consortium",
    "pk": 3,
    "fields": {
        "country_code": "CZ",
        "country_name": "Czech Republic",
        "is_observer": false,
        "name": "LINDAT-CLARIN",
        "website_url": "http://www.lindat.cz/",
        "alias": "cz"
    }
},
{
    "model": "centre_registry.consortium",
    "pk": 4,
    "fields": {
        "country_code": "DK",
        "country_name": "Denmark",
        "is_observer": false,
        "name": "CLARIN-DK",
        "website_url": "https://clarin.dk/",
        "alias": "dk"
    }
},
{
    "model": "centre_registry.consortium",
    "pk": 5,
    "fields": {
        "country_code": "EE",
        "country_name": "Estonia",
        "is_observer": false,
        "name": "CELR",
        "website_url": "http://keeleressursid.ee/en/",
        "alias": "ee"
    }
},
{
    "model": "centre_registry.consortium",
    "pk": 7,
    "fields": {
        "country_code": "FI",
        "country_name": "Finland",
        "is_observer": false,
        "name": "FIN-CLARIN",
        "website_url": "https://www.kielipankki.fi/organization/",
        "alias": "fi"
    }
},
{
    "model": "centre_registry.consortium",
    "pk": 9,
    "fields": {
        "country_code": "DLU",
        "country_name": "Dutch Language Union",
        "is_observer": false,
        "name": "CLARIN DLU/Flanders",
        "website_url": "https://ivdnt.org/clarin-eric",
        "alias": "dlu"
    }
},
{
    "model": "centre_registry.consortium",
    "pk": 10,
    "fields": {
        "country_code": "NL",
        "country_name": "The Netherlands",
        "is_observer": false,
        "name": "CLARIAH",
        "website_url": "http://www.clariah.nl/",
        "alias": "nl"
    }
},
{
    "model": "centre_registry.consortium",
    "pk": 11,
    "fields": {
        "country_code": "PL",
        "country_name": "Poland",
        "is_observer": false,
        "name": "CLARIN-PL",
        "website_url": "http://www.clarin-pl.eu/",
        "alias": "pl"
    }
},
{
    "model": "centre_registry.consortium",
    "pk": 12,
    "fields": {
        "country_code": "UK",
        "country_name": "United Kingdom",
        "is_observer": true,
        "name": "CLARIN-UK",
        "website_url": "http://www.clarin.ac.uk/",
        "alias": "uk"
    }
},
{
    "model": "centre_registry.consortium",
    "pk": 13,
    "fields": {
        "country_code": "BG",
        "country_name": "Bulgaria",
        "is_observer": false,
        "name": "CLaDA-BG",
        "website_url": "http://clada-bg.eu/",
        "alias": ""
    }
},
{
    "model": "centre_registry.consortium",
    "pk": 14,
    "fields": {
        "country_code": "NO",
        "country_name": "Norway",
        "is_observer": false,
        "name": "CLARINO",
        "website_url": "http://clarino.uib.no/",
        "alias": "no"
    }
},
{
    "model": "centre_registry.consortium",
    "pk": 15,
    "fields": {
        "country_code": "LT",
        "country_name": "Lithuania",
        "is_observer": false,
        "name": "CLARIN-LT",
        "website_url": "http://clarin-lt.lt/",
        "alias": "lt"
    }
},
{
    "model": "centre_registry.consortium",
    "pk": 16,
    "fields": {
        "country_code": "PT",
        "country_name": "Portugal",
        "is_observer": false,
        "name": "PORTULAN CLARIN",
        "website_url": "https://portulanclarin.net",
        "alias": "pt"
    }
},
{
    "model": "centre_registry.consortium",
    "pk": 18,
    "fields": {
        "country_code": "SI",
        "country_name": "Slovenia",
        "is_observer": false,
        "name": "CLARIN.SI",
        "website_url": "http://www.clarin.si/",
        "alias": "si"
    }
},
{
    "model": "centre_registry.consortium",
    "pk": 19,
    "fields": {
        "country_code": "GR",
        "country_name": "Greece",
        "is_observer": false,
        "name": "CLARIN-EL",
        "website_url": "http://www.clarin.gr/",
        "alias": "gr"
    }
},
{
    "model": "centre_registry.consortium",
    "pk": 20,
    "fields": {
        "country_code": "SE",
        "country_name": "Sweden",
        "is_observer": false,
        "name": "SWE-CLARIN",
        "website_url": "http://sweclarin.se/",
        "alias": "se"
    }
},
{
    "model": "centre_registry.consortium",
    "pk": 21,
    "fields": {
        "country_code": "IT",
        "country_name": "Italy",
        "is_observer": false,
        "name": "CLARIN-IT",
        "website_url": "http://www.clarin-it.it",
        "alias": "it"
    }
},
{
    "model": "centre_registry.consortium",
    "pk": 22,
    "fields": {
        "country_code": "hu",
        "country_name": "Hungary",
        "is_observer": false,
        "name": "HunCLARIN",
        "website_url": "http://corpus.nytud.hu/hunclarin/",
        "alias": "hu"
    }
},
{
    "model": "centre_registry.consortium",
    "pk": 23,
    "fields": {
        "country_code": "FR",
        "country_name": "France",
        "is_observer": true,
        "name": "Huma-Num",
        "website_url": "https://www.huma-num.fr/",
        "alias": "fr"
    }
},
{
    "model": "centre_registry.consortium",
    "pk": 24,
    "fields": {
        "country_code": "LV",
        "country_name": "Latvia",
        "is_observer": false,
        "name": "CLARIN-LV",
        "website_url": "http://www.clarin.lv/lv/",
        "alias": "lv"
    }
},
{
    "model": "centre_registry.consortium",
    "pk": 25,
    "fields": {
        "country_code": "HR",
        "country_name": "Croatia",
        "is_observer": false,
        "name": "HR\u2011CLARIN",
        "website_url": "",
        "alias": "hr"
    }
},
{
    "model": "centre_registry.consortium",
    "pk": 26,
    "fields": {
        "country_code": "IS",
        "country_name": "Iceland",
        "is_observer": true,
        "name": "CLARIN-IS",
        "website_url": "http://clarin.is",
        "alias": ""
    }
},
{
    "model": "centre_registry.consortium",
    "pk": 27,
    "fields": {
        "country_code": "ZA",
        "country_name": "South Africa",
        "is_observer": true,
        "name": "SADiLaR",
        "website_url": "https://sadilar.org/",
        "alias": ""
    }
},
{
    "model": "centre_registry.centretype",
    "pk": 1,
    "fields": {
        "type": "B"
    }
},
{
    "model": "centre_registry.centretype",
    "pk": 2,
    "fields": {
        "type": "E"
    }
},
{
    "model": "centre_registry.centretype",
    "pk": 3,
    "fields": {
        "type": "C"
    }
},
{
    "model": "centre_registry.centretype",
    "pk": 4,
    "fields": {
        "type": "T"
    }
},
{
    "model": "centre_registry.centretype",
    "pk": 5,
    "fields": {
        "type": "K"
    }
},
{
    "model": "centre_registry.centretype",
    "pk": 6,
    "fields": {
        "type": "L"
    }
},
{
    "model": "centre_registry.centretype",
    "pk": 7,
    "fields": {
        "type": "A"
    }
},
{
    "model": "centre_registry.assessmentdates",
    "pk": 1,
    "fields": {
        "issuedate": "2018-10-25",
        "duedate": "2021-10-25",
        "type": [
            1
        ]
    }
},
{
    "model": "centre_registry.assessmentdates",
    "pk": 2,
    "fields": {
        "issuedate": "2018-11-02",
        "duedate": "2021-11-02",
        "type": [
            1
        ]
    }
},
{
    "model": "centre_registry.assessmentdates",
    "pk": 3,
    "fields": {
        "issuedate": "2018-12-04",
        "duedate": "2021-12-04",
        "type": [
            5
        ]
    }
},
{
    "model": "centre_registry.assessmentdates",
    "pk": 4,
    "fields": {
        "issuedate": "2018-12-04",
        "duedate": "2021-12-04",
        "type": [
            1
        ]
    }
},
{
    "model": "centre_registry.assessmentdates",
    "pk": 5,
    "fields": {
        "issuedate": "2015-12-12",
        "duedate": "2018-12-11",
        "type": [
            5
        ]
    }
},
{
    "model": "centre_registry.assessmentdates",
    "pk": 6,
    "fields": {
        "issuedate": "2016-02-12",
        "duedate": "2019-02-12",
        "type": [
            5
        ]
    }
},
{
    "model": "centre_registry.assessmentdates",
    "pk": 7,
    "fields": {
        "issuedate": "2016-02-12",
        "duedate": "2019-02-12",
        "type": [
            5
        ]
    }
},
{
    "model": "centre_registry.assessmentdates",
    "pk": 8,
    "fields": {
        "issuedate": "2019-01-16",
        "duedate": "2022-01-15",
        "type": [
            5
        ]
    }
},
{
    "model": "centre_registry.assessmentdates",
    "pk": 9,
    "fields": {
        "issuedate": "2019-01-18",
        "duedate": "2022-01-18",
        "type": [
            1
        ]
    }
},
{
    "model": "centre_registry.assessmentdates",
    "pk": 10,
    "fields": {
        "issuedate": "2016-05-27",
        "duedate": "2019-05-26",
        "type": [
            5
        ]
    }
},
{
    "model": "centre_registry.assessmentdates",
    "pk": 11,
    "fields": {
        "issuedate": "2019-02-15",
        "duedate": "2022-02-15",
        "type": [
            1
        ]
    }
},
{
    "model": "centre_registry.assessmentdates",
    "pk": 12,
    "fields": {
        "issuedate": "2019-02-19",
        "duedate": "2022-02-19",
        "type": [
            1
        ]
    }
},
{
    "model": "centre_registry.assessmentdates",
    "pk": 13,
    "fields": {
        "issuedate": "2019-02-13",
        "duedate": "2022-02-13",
        "type": [
            1
        ]
    }
},
{
    "model": "centre_registry.assessmentdates",
    "pk": 14,
    "fields": {
        "issuedate": "2019-03-19",
        "duedate": "2022-03-18",
        "type": [
            5
        ]
    }
},
{
    "model": "centre_registry.assessmentdates",
    "pk": 15,
    "fields": {
        "issuedate": "2019-03-18",
        "duedate": "2022-03-18",
        "type": [
            1
        ]
    }
},
{
    "model": "centre_registry.assessmentdates",
    "pk": 16,
    "fields": {
        "issuedate": "2019-03-27",
        "duedate": "2022-03-27",
        "type": [
            1
        ]
    }
},
{
    "model": "centre_registry.assessmentdates",
    "pk": 17,
    "fields": {
        "issuedate": "2019-07-27",
        "duedate": "2022-07-27",
        "type": [
            1
        ]
    }
},
{
    "model": "centre_registry.assessmentdates",
    "pk": 18,
    "fields": {
        "issuedate": "2019-06-19",
        "duedate": "2022-06-18",
        "type": [
            5
        ]
    }
},
{
    "model": "centre_registry.assessmentdates",
    "pk": 19,
    "fields": {
        "issuedate": "2019-08-28",
        "duedate": "2022-08-27",
        "type": [
            1
        ]
    }
},
{
    "model": "centre_registry.centre",
    "pk": 1,
    "fields": {
        "name": "Eberhard Karls Universit\u00e4t T\u00fcbingen",
        "shorthand": "EKUT",
        "organisation_name": "Eberhard Karls Universit\u00e4t T\u00fcbingen",
        "institution": "Seminar f\u00fcr Sprachwissenschaft",
        "working_unit": "Allgemeine Sprachwissenschaft und Computerlinguistik",
        "address": "Wilhelmstra\u00dfe 19-23",
        "postal_code": "72074",
        "city": "T\u00fcbingen",
        "latitude": "48.527037",
        "longitude": "9.062002",
        "type_status": "Certified",
        "administrative_contact": 1,
        "technical_contact": 1,
        "website_url": "http://www.sfs.uni-tuebingen.de/",
        "description": "",
        "expertise": "corpus linguistics",
        "consortium": 1,
        "type_certificate_url": "http://hdl.handle.net/11372/DOC-87",
        "dsa_url": "https://www.coretrustseal.org/wp-content/uploads/2019/03/T\u00fcbingen-CLARIN-D-Repository.pdf",
        "pid_status": "Handle via EPIC.",
        "long_term_archiving_policy": "None.",
        "repository_system": "Fedora Commons",
        "strict_versioning": true,
        "type": [
            1
        ],
        "assessmentdates": [
            16
        ],
        "monitoring_contacts": [
            56,
            92,
            55
        ]
    }
},
{
    "model": "centre_registry.centre",
    "pk": 3,
    "fields": {
        "name": "LINDAT/CLARIN",
        "shorthand": "LINDAT",
        "organisation_name": "\u00daFAL MFF UK - Linguistics",
        "institution": "Univerzita Karlova v Praze",
        "working_unit": "LINDAT/CLARIN",
        "address": "Malostransk\u00e9 n\u00e1m\u011bst\u00ed 25",
        "postal_code": "118 00",
        "city": "Praha",
        "latitude": "50.088521",
        "longitude": "14.403265",
        "type_status": "Certified",
        "administrative_contact": 4,
        "technical_contact": 5,
        "website_url": "http://lindat.mff.cuni.cz/",
        "description": "",
        "expertise": "computational linguistics, language resources, natural language processing, linguistic annotation, machine translation, machine learning, information retrieval, tagging/parsing, semantics",
        "consortium": 3,
        "type_certificate_url": "http://hdl.handle.net/11372/DOC-99",
        "dsa_url": "https://www.coretrustseal.org/wp-content/uploads/2019/08/LINDAT-CLARIN.pdf",
        "pid_status": "Handle via EPIC.",
        "long_term_archiving_policy": "",
        "repository_system": "DSpace",
        "strict_versioning": false,
        "type": [
            1
        ],
        "assessmentdates": [
            17
        ],
        "monitoring_contacts": []
    }
},
{
    "model": "centre_registry.centre",
    "pk": 4,
    "fields": {
        "name": "ASV Leipzig",
        "shorthand": "ASV",
        "organisation_name": "Abteilung Automatische Sprachverarbeitung",
        "institution": "Universit\u00e4t Leipzig",
        "working_unit": "Institut f\u00fcr Informatik",
        "address": "Augustusplatz 10",
        "postal_code": "04109",
        "city": "Leipzig",
        "latitude": "51.338548",
        "longitude": "12.378735",
        "type_status": "Certified",
        "administrative_contact": 6,
        "technical_contact": 7,
        "website_url": "http://asv.informatik.uni-leipzig.de/",
        "description": "",
        "expertise": "monolingual corpora, text mining",
        "consortium": 1,
        "type_certificate_url": "http://hdl.handle.net/11372/DOC-88",
        "dsa_url": "https://www.coretrustseal.org/wp-content/uploads/2019/02/CLARIN-D-Resource-Center-Leipzig.pdf",
        "pid_status": "Handle via EPIC.",
        "long_term_archiving_policy": "Providing long-term archiving services.",
        "repository_system": "Fedora Commons",
        "strict_versioning": false,
        "type": [
            1
        ],
        "assessmentdates": [
            12
        ],
        "monitoring_contacts": []
    }
},
{
    "model": "centre_registry.centre",
    "pk": 5,
    "fields": {
        "name": "Bayerisches Archiv f\u00fcr Sprachsignale",
        "shorthand": "BAS",
        "organisation_name": "Bayerisches Archiv f\u00fcr Sprachsignale",
        "institution": "Ludwig-Maximilians-Universit\u00e4t M\u00fcnchen",
        "working_unit": "BAS CLARIN-D Centre",
        "address": "Schellingstra\u00dfe 3",
        "postal_code": "80799",
        "city": "M\u00fcnchen",
        "latitude": "48.149216",
        "longitude": "11.579364",
        "type_status": "Certified",
        "administrative_contact": 8,
        "technical_contact": 9,
        "website_url": "http://hdl.handle.net/11858/00-1779-0000-000C-DAAF-B",
        "description": "",
        "expertise": "Speech data processing, web services and tools for spoken language, corpus production and validation, curation of external speech corpora, consulting and teaching.",
        "consortium": 1,
        "type_certificate_url": "http://hdl.handle.net/11372/DOC-89",
        "dsa_url": "https://assessment.datasealofapproval.org/assessment_83/seal/html/",
        "pid_status": "Handle via EPIC.",
        "long_term_archiving_policy": "",
        "repository_system": "Custom.",
        "strict_versioning": true,
        "type": [
            1
        ],
        "assessmentdates": [],
        "monitoring_contacts": []
    }
},
{
    "model": "centre_registry.centre",
    "pk": 6,
    "fields": {
        "name": "Berlin-Brandenburg Academy of Sciences and Humanities",
        "shorthand": "BBAW",
        "organisation_name": "Berlin-Brandenburg Academy of Sciences and Humanities",
        "institution": "Union of the German academies of sciences and humanities",
        "working_unit": "Deutsches Textarchiv",
        "address": "J\u00e4gerstra\u00dfe 23",
        "postal_code": "10117",
        "city": "Berlin",
        "latitude": "52.514156",
        "longitude": "13.394324",
        "type_status": "Certified",
        "administrative_contact": 10,
        "technical_contact": 11,
        "website_url": "http://www.bbaw.de/",
        "description": "",
        "expertise": "TEI encoding",
        "consortium": 1,
        "type_certificate_url": "http://hdl.handle.net/11372/DOC-93",
        "dsa_url": "https://www.coretrustseal.org/wp-content/uploads/2018/10/CLARIN-Center-BBAW.pdf",
        "pid_status": "Handle via EPIC.",
        "long_term_archiving_policy": "",
        "repository_system": "Fedora Commons",
        "strict_versioning": true,
        "type": [
            1
        ],
        "assessmentdates": [
            1
        ],
        "monitoring_contacts": [
            11
        ]
    }
},
{
    "model": "centre_registry.centre",
    "pk": 7,
    "fields": {
        "name": "Forschungzentrum J\u00fclich",
        "shorthand": "FZJ",
        "organisation_name": "http://www.fz-juelich.de/ias/jsc/EN/Home/home_node.html",
        "institution": "Institute for Advanced Simulation",
        "working_unit": "J\u00fclich Supercomputing Centre",
        "address": "IEK-7, Wilhelm-Johnen-Stra\u00dfe",
        "postal_code": "52428",
        "city": "J\u00fclich",
        "latitude": "50.905369",
        "longitude": "6.404938",
        "type_status": "",
        "administrative_contact": 12,
        "technical_contact": 12,
        "website_url": "http://www.fz-juelich.de/ias/jsc/EN/Home/home_node.html",
        "description": "",
        "expertise": "web service monitoring",
        "consortium": 1,
        "type_certificate_url": "",
        "dsa_url": "",
        "pid_status": "",
        "long_term_archiving_policy": "",
        "repository_system": "",
        "strict_versioning": false,
        "type": [
            2
        ],
        "assessmentdates": [],
        "monitoring_contacts": []
    }
},
{
    "model": "centre_registry.centre",
    "pk": 8,
    "fields": {
        "name": "Gesellschaft f\u00fcr wissenschaftliche Datenverarbeitung G\u00f6ttingen",
        "shorthand": "GWDG",
        "organisation_name": "Gesellschaft f\u00fcr wissenschaftliche Datenverarbeitung G\u00f6ttingen",
        "institution": "Gesellschaft f\u00fcr wissenschaftliche Datenverarbeitung G\u00f6ttingen",
        "working_unit": "Gesellschaft f\u00fcr wissenschaftliche Datenverarbeitung G\u00f6ttingen",
        "address": "Am Fa\u00dfberg 11",
        "postal_code": "37077",
        "city": "G\u00f6ttingen",
        "latitude": "51.562323",
        "longitude": "9.970938",
        "type_status": "",
        "administrative_contact": 13,
        "technical_contact": 13,
        "website_url": "http://www.gwdg.de/",
        "description": "",
        "expertise": "PIDs/EPIC, hosting, data storage",
        "consortium": 1,
        "type_certificate_url": "",
        "dsa_url": "",
        "pid_status": "",
        "long_term_archiving_policy": "",
        "repository_system": "",
        "strict_versioning": false,
        "type": [
            2
        ],
        "assessmentdates": [],
        "monitoring_contacts": []
    }
},
{
    "model": "centre_registry.centre",
    "pk": 9,
    "fields": {
        "name": "Hamburger Zentrum f\u00fcr Sprachkorpora",
        "shorthand": "HZSK",
        "organisation_name": "Hamburger Zentrum f\u00fcr Sprachkorpora",
        "institution": "Universit\u00e4t Hamburg",
        "working_unit": "HZSK CLARIN D-Centre",
        "address": "Max-Brauer-Allee 60",
        "postal_code": "22765",
        "city": "Hamburg",
        "latitude": "53.553724",
        "longitude": "9.939426",
        "type_status": "Certified",
        "administrative_contact": 14,
        "technical_contact": 15,
        "website_url": "http://www.corpora.uni-hamburg.de/",
        "description": "",
        "expertise": "linguistic tools, multimedia and multimodal data, spoken language corpora",
        "consortium": 1,
        "type_certificate_url": "http://hdl.handle.net/11372/DOC-94",
        "dsa_url": "https://www.coretrustseal.org/wp-content/uploads/2019/02/HZSK-Repository.pdf",
        "pid_status": "Handle via EPIC.",
        "long_term_archiving_policy": "",
        "repository_system": "Fedora Commons",
        "strict_versioning": false,
        "type": [
            1
        ],
        "assessmentdates": [
            13
        ],
        "monitoring_contacts": []
    }
},
{
    "model": "centre_registry.centre",
    "pk": 10,
    "fields": {
        "name": "Institut f\u00fcr Maschinelle Sprachverarbeitung",
        "shorthand": "IMS",
        "organisation_name": "Institut f\u00fcr Maschinelle Sprachverarbeitung",
        "institution": "Universit\u00e4t Stuttgart",
        "working_unit": "Lehrstuhl Grundlagen der Computerlinguistik",
        "address": "Pfaffenwaldring 5b",
        "postal_code": "70569",
        "city": "Stuttgart",
        "latitude": "48.746750",
        "longitude": "9.108240",
        "type_status": "Certified",
        "administrative_contact": 16,
        "technical_contact": 81,
        "website_url": "http://www.ims.uni-stuttgart.de/",
        "description": "",
        "expertise": "linguistically annotated corpora, corpus tools, tools and methods for robust morphological and syntactic analysis of multiple languages.",
        "consortium": 1,
        "type_certificate_url": "http://hdl.handle.net/11372/DOC-95",
        "dsa_url": "https://www.coretrustseal.org/wp-content/uploads/2018/12/IMS-Repository.pdf",
        "pid_status": "Handle via EPIC.",
        "long_term_archiving_policy": "",
        "repository_system": "Fedora Commons",
        "strict_versioning": false,
        "type": [
            1
        ],
        "assessmentdates": [
            4
        ],
        "monitoring_contacts": []
    }
},
{
    "model": "centre_registry.centre",
    "pk": 11,
    "fields": {
        "name": "Leibniz-Institut f\u00fcr Deutsche Sprache",
        "shorthand": "IDS",
        "organisation_name": "Leibniz-Institut f\u00fcr Deutsche Sprache",
        "institution": "Leibniz Gemeinschaft",
        "working_unit": "Leibniz-Institut f\u00fcr Deutsche Sprache",
        "address": "R5 6-13",
        "postal_code": "68161",
        "city": "Mannheim",
        "latitude": "49.488122",
        "longitude": "8.472311",
        "type_status": "Certified",
        "administrative_contact": 18,
        "technical_contact": 19,
        "website_url": "http://www.ids-mannheim.de/",
        "description": "Providing long-term storage of Germanic language resources.",
        "expertise": "language archives, linguistic tools, long-term preservation, multimedia and multimodal data",
        "consortium": 1,
        "type_certificate_url": "http://hdl.handle.net/11372/DOC-90",
        "dsa_url": "https://www.coretrustseal.org/wp-content/uploads/2019/03/IDS-Repository.pdf",
        "pid_status": "Handle (own server and prefix: 10932).",
        "long_term_archiving_policy": "",
        "repository_system": "Fedora Commons",
        "strict_versioning": true,
        "type": [
            1
        ],
        "assessmentdates": [
            15
        ],
        "monitoring_contacts": []
    }
},
{
    "model": "centre_registry.centre",
    "pk": 12,
    "fields": {
        "name": "Max Planck Computing and Data Facility",
        "shorthand": "MPCDF",
        "organisation_name": "Rechenzentrum der Max-Planck-Gesellschaft am Max-Planck-Institut f\u00fcr Plasmaphysik ",
        "institution": "Max Planck Gesellschaft",
        "working_unit": "RZG",
        "address": "Boltzmannstra\u00dfe 2",
        "postal_code": "85748",
        "city": "Garching",
        "latitude": "48.263477",
        "longitude": "11.671697",
        "type_status": "",
        "administrative_contact": 20,
        "technical_contact": 21,
        "website_url": "http://www.rzg.mpg.de/",
        "description": "",
        "expertise": "data storage",
        "consortium": 1,
        "type_certificate_url": "",
        "dsa_url": "",
        "pid_status": "",
        "long_term_archiving_policy": "",
        "repository_system": "",
        "strict_versioning": false,
        "type": [
            2
        ],
        "assessmentdates": [],
        "monitoring_contacts": []
    }
},
{
    "model": "centre_registry.centre",
    "pk": 13,
    "fields": {
        "name": "Universit\u00e4t des Saarlandes",
        "shorthand": "UdS",
        "organisation_name": "Fachrichtung 4.6",
        "institution": "Universit\u00e4t des Saarlandes",
        "working_unit": "Englische Sprach- und \u00dcbersetzungswissenschaft",
        "address": "Campus A2.2",
        "postal_code": "66123",
        "city": "Saarbr\u00fccken",
        "latitude": "49.256004",
        "longitude": "7.039011",
        "type_status": "Certified",
        "administrative_contact": 22,
        "technical_contact": 23,
        "website_url": "http://fedora.clarin-d.uni-saarland.de/",
        "description": "",
        "expertise": "Creation and annotation of corpora, empirical corpus linguistics, language variation and register analysis.",
        "consortium": 1,
        "type_certificate_url": "http://hdl.handle.net/11372/DOC-92",
        "dsa_url": "https://www.coretrustseal.org/wp-content/uploads/2019/02/CLARIND-UDS.pdf",
        "pid_status": "Handle via EPIC.",
        "long_term_archiving_policy": "",
        "repository_system": "Fedora Commons",
        "strict_versioning": false,
        "type": [
            1
        ],
        "assessmentdates": [
            11
        ],
        "monitoring_contacts": []
    }
},
{
    "model": "centre_registry.centre",
    "pk": 14,
    "fields": {
        "name": "The CLARIN Centre at the University of Copenhagen",
        "shorthand": "CLARIN-DK-UCPH",
        "organisation_name": "University of Copenhagen",
        "institution": "Faculty of Humanities",
        "working_unit": "Centre for Language Technology, Department of Nordic Studies and Linguistics",
        "address": "Emil Holms Kanal 2",
        "postal_code": "2300",
        "city": "Copenhagen S",
        "latitude": "55.6618877",
        "longitude": "12.5912526",
        "type_status": "Certified",
        "administrative_contact": 106,
        "technical_contact": 25,
        "website_url": "http://clarin.dk/",
        "description": "",
        "expertise": "multimodal communication, corpus linguistics, text tools",
        "consortium": 4,
        "type_certificate_url": "http://hdl.handle.net/11372/DOC-100",
        "dsa_url": "https://www.coretrustseal.org/wp-content/uploads/2019/07/CLARIN-Centre-at-the-University-of-Copenhagen.pdf",
        "pid_status": "Handle (own server and prefixes: 20.500.12115 and 11221).",
        "long_term_archiving_policy": "",
        "repository_system": "DSpace and eSciDoc",
        "strict_versioning": false,
        "type": [
            1,
            5
        ],
        "assessmentdates": [
            17
        ],
        "monitoring_contacts": [
            107
        ]
    }
},
{
    "model": "centre_registry.centre",
    "pk": 15,
    "fields": {
        "name": "Center of Estonian Language Resources",
        "shorthand": "CELR-EKK",
        "organisation_name": "Eesti Keeleressursside Keskus",
        "institution": "University of Tartu",
        "working_unit": "Eesti Keeleressursside Keskus",
        "address": "Juhan Liivi 2-340",
        "postal_code": "50409",
        "city": "Tartu",
        "latitude": "58.378389",
        "longitude": "26.714716",
        "type_status": "Certified",
        "administrative_contact": 26,
        "technical_contact": 27,
        "website_url": "http://www.keeleressursid.ee/",
        "description": "",
        "expertise": "corpora, lexica, tools, Estonian",
        "consortium": 5,
        "type_certificate_url": "",
        "dsa_url": "https://www.coretrustseal.org/wp-content/uploads/2018/11/CELR-META-SHARE.pdf",
        "pid_status": "Handle (own server and prefix: 11297).",
        "long_term_archiving_policy": "",
        "repository_system": "META-SHARE",
        "strict_versioning": false,
        "type": [
            1
        ],
        "assessmentdates": [
            2
        ],
        "monitoring_contacts": []
    }
},
{
    "model": "centre_registry.centre",
    "pk": 16,
    "fields": {
        "name": "IULA-UPF-CC-CLARIN",
        "shorthand": "UPF",
        "organisation_name": "Institut Universitari de Ling\u00fc\u00edstica Aplicada",
        "institution": "Universitat Pompeu Fabra",
        "working_unit": "Institut Universitari de Ling\u00fc\u00edstica Aplicada",
        "address": "Carrer de Roc Boronat, 138",
        "postal_code": "08018",
        "city": "Barcelona",
        "latitude": "41.403964",
        "longitude": "2.193464",
        "type_status": "",
        "administrative_contact": 28,
        "technical_contact": 28,
        "website_url": "http://services.iula.upf.edu/",
        "description": "We offer harvestable machine readable metadata about resources and web services for text enrichement and quantitative text analysis services.",
        "expertise": "",
        "consortium": null,
        "type_certificate_url": "",
        "dsa_url": "",
        "pid_status": "Handle (own server and prefix: 10230).",
        "long_term_archiving_policy": "",
        "repository_system": "DSpace",
        "strict_versioning": false,
        "type": [
            3
        ],
        "assessmentdates": [],
        "monitoring_contacts": []
    }
},
{
    "model": "centre_registry.centre",
    "pk": 17,
    "fields": {
        "name": "The Language Bank of Finland",
        "shorthand": "FIN-CLARIN",
        "organisation_name": "The Department of Digital Humanities",
        "institution": "University of Helsinki (UHEL) ",
        "working_unit": "FIN-CLARIN",
        "address": "Unioninkatu 40",
        "postal_code": "00170",
        "city": "Helsinki",
        "latitude": "60.172839",
        "longitude": "24.950366",
        "type_status": "Certified",
        "administrative_contact": 29,
        "technical_contact": 105,
        "website_url": "http://www.kielipankki.fi/",
        "description": "Offers content for download as well as web services",
        "expertise": "digital humanities, computational linguistics, corpora",
        "consortium": 7,
        "type_certificate_url": "http://hdl.handle.net/11372/DOC-135",
        "dsa_url": "https://www.coretrustseal.org/wp-content/uploads/2018/04/The-Language-Bank-of-Finland.pdf",
        "pid_status": "URN:NBN and Handle (prefix: 11113).",
        "long_term_archiving_policy": "",
        "repository_system": "LAT",
        "strict_versioning": false,
        "type": [
            1
        ],
        "assessmentdates": [],
        "monitoring_contacts": []
    }
},
{
    "model": "centre_registry.centre",
    "pk": 18,
    "fields": {
        "name": "CMU-TalkBank",
        "shorthand": "CMU",
        "organisation_name": "TalkBank",
        "institution": "Carnegie Mellon University",
        "working_unit": "Psychology and Language Technologies Institute",
        "address": "5000 Forbes Avenue",
        "postal_code": "PA 15213",
        "city": "Pittsburgh",
        "latitude": "40.440988",
        "longitude": "-79.94231",
        "type_status": "Certified",
        "administrative_contact": 32,
        "technical_contact": 32,
        "website_url": "https://talkbank.org",
        "description": "TalkBank data and tools.",
        "expertise": "",
        "consortium": null,
        "type_certificate_url": "http://hdl.handle.net/11372/DOC-109",
        "dsa_url": "https://www.coretrustseal.org/wp-content/uploads/2017/10/TalkBank.pdf",
        "pid_status": "Handle (own server and prefix: 11312).",
        "long_term_archiving_policy": "",
        "repository_system": "GIT",
        "strict_versioning": false,
        "type": [
            1,
            5
        ],
        "assessmentdates": [],
        "monitoring_contacts": []
    }
},
{
    "model": "centre_registry.centre",
    "pk": 20,
    "fields": {
        "name": "Data Archiving and Networked Services",
        "shorthand": "DANS",
        "organisation_name": "Data Archiving and Networked Services",
        "institution": "Royal Netherlands Academy of Arts and Sciences",
        "working_unit": "DANS",
        "address": "Anna van Saksenlaan 51",
        "postal_code": "2593 HW",
        "city": "Den Haag",
        "latitude": "52.080776",
        "longitude": "4.345627",
        "type_status": "Aiming for B.",
        "administrative_contact": 34,
        "technical_contact": 34,
        "website_url": "http://dans.knaw.nl/",
        "description": "",
        "expertise": "Sustainable access to digital research data, training and advice, and performs research into sustained access to digital information.",
        "consortium": 10,
        "type_certificate_url": "",
        "dsa_url": "https://www.coretrustseal.org/wp-content/uploads/2018/04/DANS-Electronic-Archiving-SYstem-EASY-.pdf",
        "pid_status": "",
        "long_term_archiving_policy": "",
        "repository_system": "EASY, based on Fedora Commons.",
        "strict_versioning": false,
        "type": [
            3
        ],
        "assessmentdates": [],
        "monitoring_contacts": []
    }
},
{
    "model": "centre_registry.centre",
    "pk": 21,
    "fields": {
        "name": "Huygens ING",
        "shorthand": "Huygens",
        "organisation_name": "Huygens Institute for the History of the Netherlands",
        "institution": "Royal Dutch Academy of Sciences",
        "working_unit": "Huygens ING",
        "address": "Prins Willem-Alexanderhof 5",
        "postal_code": "2595 BE",
        "city": "Den Haag",
        "latitude": "52.081972",
        "longitude": "4.327001",
        "type_status": "",
        "administrative_contact": 63,
        "technical_contact": 63,
        "website_url": "http://www.huygens.knaw.nl/",
        "description": "",
        "expertise": "political and institutional history, literature and letters, history of science",
        "consortium": 10,
        "type_certificate_url": "",
        "dsa_url": "https://assessment.datasealofapproval.org/assessment_124/seal/html/",
        "pid_status": "Handle (own server and prefix: 11240).",
        "long_term_archiving_policy": "",
        "repository_system": "Custom.",
        "strict_versioning": false,
        "type": [
            3
        ],
        "assessmentdates": [],
        "monitoring_contacts": []
    }
},
{
    "model": "centre_registry.centre",
    "pk": 22,
    "fields": {
        "name": "Instituut voor de Nederlandse Taal",
        "shorthand": "IVDNT",
        "organisation_name": "Instituut voor de Nederlandse Taal",
        "institution": "Instituut voor de Nederlandse Taal",
        "working_unit": "Instituut voor de Nederlandse Taal",
        "address": "PO Box 9515",
        "postal_code": "2300 RA",
        "city": "Leiden",
        "latitude": "52.1578635",
        "longitude": "4.4851714",
        "type_status": "Certified",
        "administrative_contact": 93,
        "technical_contact": 37,
        "website_url": "http://ivdnt.org/",
        "description": "",
        "expertise": "knowledge bank of Dutch vocabulary, the Dutch Language Database, large Dutch corpora, all areas of Dutch linguistics, corpus linguistics, language resource standards, Toolbox for Lexicon Building",
        "consortium": 9,
        "type_certificate_url": "http://hdl.handle.net/11372/DOC-107",
        "dsa_url": "https://www.coretrustseal.org/wp-content/uploads/2018/12/CLARIN-Center-IvdNT.pdf",
        "pid_status": "Handle (own server and prefix: 10032).",
        "long_term_archiving_policy": "",
        "repository_system": "DSpace",
        "strict_versioning": false,
        "type": [
            1
        ],
        "assessmentdates": [],
        "monitoring_contacts": []
    }
},
{
    "model": "centre_registry.centre",
    "pk": 23,
    "fields": {
        "name": "Meertens Instituut/HuC",
        "shorthand": "MI",
        "organisation_name": "Meertens Instituut/HuC",
        "institution": "Royal Netherlands Academy of Arts and Sciences",
        "working_unit": "Meertens Instituut/HuC",
        "address": "Oudezijds Achterburgwal 185",
        "postal_code": "1012 DK",
        "city": "Amsterdam",
        "latitude": "52.370616",
        "longitude": "4.896523",
        "type_status": "Certified",
        "administrative_contact": 44,
        "technical_contact": 44,
        "website_url": "http://www.meertens.knaw.nl/",
        "description": "",
        "expertise": "language variation and culture",
        "consortium": 10,
        "type_certificate_url": "http://hdl.handle.net/11372/DOC-106",
        "dsa_url": "https://www.coretrustseal.org/wp-content/uploads/2018/03/Meertens-Institute.pdf",
        "pid_status": "Handle via EPIC (own prefix: 10744).",
        "long_term_archiving_policy": "Providing long-term archiving services.",
        "repository_system": "Custom.",
        "strict_versioning": false,
        "type": [
            1
        ],
        "assessmentdates": [],
        "monitoring_contacts": []
    }
},
{
    "model": "centre_registry.centre",
    "pk": 24,
    "fields": {
        "name": "MPI for Psycholinguistics",
        "shorthand": "MPI-PL",
        "organisation_name": "Max Planck Institute for Psycholinguistics",
        "institution": "Max Planck Gesellschaft (MPG)",
        "working_unit": "The Language Archive",
        "address": "Wundtlaan 1",
        "postal_code": "6525 XD",
        "city": "Nijmegen",
        "latitude": "51.818046",
        "longitude": "5.857079",
        "type_status": "Certified",
        "administrative_contact": 97,
        "technical_contact": 76,
        "website_url": "https://archive.mpi.nl",
        "description": "",
        "expertise": "language archives, linguistic tools, long-term preservation, multimedia and multimodal data",
        "consortium": 10,
        "type_certificate_url": "http://hdl.handle.net/11372/DOC-91",
        "dsa_url": "https://www.coretrustseal.org/wp-content/uploads/2019/01/The-Language-Archive.pdf",
        "pid_status": "Handle (own server and prefix: 1839).",
        "long_term_archiving_policy": "Long-term preservation.",
        "repository_system": "FLAT (Fedora Commons based)",
        "strict_versioning": true,
        "type": [
            1
        ],
        "assessmentdates": [
            9
        ],
        "monitoring_contacts": []
    }
},
{
    "model": "centre_registry.centre",
    "pk": 25,
    "fields": {
        "name": "CLARIN-PL Language Technology Centre",
        "shorthand": "CLARIN-PL1",
        "organisation_name": "Institute of Informatics",
        "institution": "Wroclaw University of Technology",
        "working_unit": "CLARIN-PL",
        "address": "wybrze\u017ce Stanis\u0142awa Wyspia\u0144skiego 27",
        "postal_code": "50-370",
        "city": "Wroc\u0142aw",
        "latitude": "51.107122",
        "longitude": "17.063023",
        "type_status": "Certified",
        "administrative_contact": 40,
        "technical_contact": 41,
        "website_url": "http://nlp.pwr.wroc.pl/en/projects/clarin",
        "description": "Main Centre in CLARIN-PL, providing infrastructural services and access to CLARIN-PL language resources.",
        "expertise": "various domains of language technology, language engineering, computational linguistics, lexicography",
        "consortium": 11,
        "type_certificate_url": "http://hdl.handle.net/11372/DOC-112",
        "dsa_url": "https://assessment.datasealofapproval.org/assessment_149/seal/html/",
        "pid_status": "Planned, Handle via EPIC.",
        "long_term_archiving_policy": "Handle (own server and prefix: 11321).",
        "repository_system": "DSpace, LINDAT/CLARIN extensions",
        "strict_versioning": false,
        "type": [
            1,
            5
        ],
        "assessmentdates": [],
        "monitoring_contacts": []
    }
},
{
    "model": "centre_registry.centre",
    "pk": 26,
    "fields": {
        "name": "Oxford Text Archive",
        "shorthand": "OTA",
        "organisation_name": "Oxford Text Archive ",
        "institution": "University of Oxford",
        "working_unit": "IT Services",
        "address": "16 Wellington Square",
        "postal_code": "OX1 2HY",
        "city": "Oxford",
        "latitude": "51.757571",
        "longitude": "-1.261824",
        "type_status": "Aiming for B.",
        "administrative_contact": 42,
        "technical_contact": 42,
        "website_url": "http://ota.ahds.ac.uk/",
        "description": "",
        "expertise": "TEI, text corpora, historic texts",
        "consortium": 12,
        "type_certificate_url": "",
        "dsa_url": "",
        "pid_status": "",
        "long_term_archiving_policy": "",
        "repository_system": "Custom.",
        "strict_versioning": false,
        "type": [
            3
        ],
        "assessmentdates": [],
        "monitoring_contacts": []
    }
},
{
    "model": "centre_registry.centre",
    "pk": 28,
    "fields": {
        "name": "Speech & Language Data Repository",
        "shorthand": "SLDR",
        "organisation_name": "Laboratoire Parole et Langage (LPL)",
        "institution": "Centre National de la Recherche Scientifique (CNRS) and Aix-Marseille University",
        "working_unit": "UMR 7309",
        "address": "5 avenue Pasteur",
        "postal_code": "13100",
        "city": "Aix-en-Provence",
        "latitude": "43.535070",
        "longitude": "5.446179",
        "type_status": "",
        "administrative_contact": 45,
        "technical_contact": 46,
        "website_url": "http://sldr.org/",
        "description": "SLDR is a repository for oral and linguistic resources aimed at their long-term preservation and sharing",
        "expertise": "oral and linguistic resources",
        "consortium": 23,
        "type_certificate_url": "",
        "dsa_url": "",
        "pid_status": "Handle",
        "long_term_archiving_policy": "",
        "repository_system": "Self-developed",
        "strict_versioning": true,
        "type": [
            3
        ],
        "assessmentdates": [],
        "monitoring_contacts": []
    }
},
{
    "model": "centre_registry.centre",
    "pk": 29,
    "fields": {
        "name": "CLARINO Bergen Center",
        "shorthand": "CLARINO Bergen",
        "organisation_name": "University of Bergen",
        "institution": "University of Bergen",
        "working_unit": "University of Bergen Library and Dept. LLE",
        "address": " UiB Dept. LLE, Postboks 7800",
        "postal_code": "5020",
        "city": "Bergen",
        "latitude": "60.2786821",
        "longitude": "6.1084835",
        "type_status": "B, K (certified)",
        "administrative_contact": 50,
        "technical_contact": 50,
        "website_url": "http://clarino.uib.no/",
        "description": "CLARINO Bergen Centre offers a repository, a corpus management and query system, a treebanking infrastructure and a CMDI editor.",
        "expertise": "Language resources; corpus services, treebanking services, metadata services.",
        "consortium": 14,
        "type_certificate_url": "http://hdl.handle.net/11372/DOC-116",
        "dsa_url": "https://assessment.datasealofapproval.org/assessment_183/seal/html/",
        "pid_status": "Handle (own prefix)",
        "long_term_archiving_policy": "",
        "repository_system": "DSpace (LINDAT mod)",
        "strict_versioning": true,
        "type": [
            1,
            5
        ],
        "assessmentdates": [],
        "monitoring_contacts": []
    }
},
{
    "model": "centre_registry.centre",
    "pk": 30,
    "fields": {
        "name": "CLARIN.SI Language Technology Centre",
        "shorthand": "CLARINSI",
        "organisation_name": "The Slovenian CLARIN.SI research infrastructure",
        "institution": "Jo\u017eef Stefan Institute",
        "working_unit": "Dept. of Knowledge Technologies, Artificial Intelligence Lab., Networking Infrastructure Centre",
        "address": "Jamova cesta 39",
        "postal_code": "SI \u2013 1000",
        "city": "Ljubljana",
        "latitude": "46.042068",
        "longitude": "14.487589",
        "type_status": "Certified",
        "administrative_contact": 53,
        "technical_contact": 52,
        "website_url": "http://www.clarin.si/info/about/",
        "description": "",
        "expertise": "",
        "consortium": 18,
        "type_certificate_url": "http://hdl.handle.net/11372/DOC-115",
        "dsa_url": "https://assessment.datasealofapproval.org/assessment_190/seal/html/",
        "pid_status": "",
        "long_term_archiving_policy": "",
        "repository_system": "DSpace.",
        "strict_versioning": false,
        "type": [
            1
        ],
        "assessmentdates": [],
        "monitoring_contacts": []
    }
},
{
    "model": "centre_registry.centre",
    "pk": 31,
    "fields": {
        "name": "National Library of Norway",
        "shorthand": "NB.NO",
        "organisation_name": "Spr\u00e5kbanken (Speech & Language Data Bank)",
        "institution": "National Library of Norway",
        "working_unit": "NB-CLARINO + Spr\u00e5kbanken",
        "address": "2674 Solli",
        "postal_code": "0203",
        "city": "Oslo",
        "latitude": "59.9148493",
        "longitude": "10.718983",
        "type_status": "Aiming for A+B",
        "administrative_contact": 58,
        "technical_contact": 58,
        "website_url": "http://nb.no/clarino",
        "description": "Providing metadata services and access to language resources",
        "expertise": "",
        "consortium": 14,
        "type_certificate_url": "",
        "dsa_url": "",
        "pid_status": "URN:NBN and Assigned Handle prefix: 11538",
        "long_term_archiving_policy": "",
        "repository_system": "Custom",
        "strict_versioning": false,
        "type": [
            3
        ],
        "assessmentdates": [],
        "monitoring_contacts": []
    }
},
{
    "model": "centre_registry.centre",
    "pk": 32,
    "fields": {
        "name": "Spanish CLARIN K-Centre",
        "shorthand": "Spanish K-Centre",
        "organisation_name": "Spanish consortium, coordinator: CLARIN Competence Centre IULA-UPF and HDLab@UPF",
        "institution": "Universitat Pompeu Fabra",
        "working_unit": "Department of Humanities",
        "address": "Ramon Trias Fargas, 25-27",
        "postal_code": "08005",
        "city": "Barcelona",
        "latitude": "41.3895849",
        "longitude": "2.1914035",
        "type_status": "Certified (K)",
        "administrative_contact": 59,
        "technical_contact": 59,
        "website_url": "http://clarin-es-lab.org",
        "description": "Distributed CLARIN K Centre consisting of CLARIN Competence Center IULA-UPF and HDLab@UPF-Department of Humanities (Barcelona), UNED \u2013 LINHD: Laboratorio de innovaci\u00f3n en Humanidades Digitales (Madrid), and UPV \u2013 Grupo IXA (San Sebasti\u00e1n).",
        "expertise": "Services to researchers working with Spanish texts and, additionally, IXA can afford experience in handling Basque texts and IULA-UPF-CCC Catalan texts.",
        "consortium": null,
        "type_certificate_url": "http://hdl.handle.net/11372/DOC-111",
        "dsa_url": "",
        "pid_status": "",
        "long_term_archiving_policy": "",
        "repository_system": "",
        "strict_versioning": false,
        "type": [
            5
        ],
        "assessmentdates": [],
        "monitoring_contacts": []
    }
},
{
    "model": "centre_registry.centre",
    "pk": 33,
    "fields": {
        "name": "Collections de corpus oraux numeriques ",
        "shorthand": "COCOON",
        "organisation_name": "CNRS/COCOON ",
        "institution": "Centre National de la Recherche Scientifique ",
        "working_unit": " Laboration lig\u00e9rien de linguistique (LLL) & Langues et civilisations \u00e0 tradition orale (LACITO) ",
        "address": " Biblioth\u00e8que nationale de France, Quai Fran\u00e7ois Mauriac, 75013 Paris ",
        "postal_code": "75013",
        "city": "Paris",
        "latitude": "48.8335842",
        "longitude": "2.3735772",
        "type_status": "",
        "administrative_contact": 60,
        "technical_contact": 61,
        "website_url": "http://cocoon.huma-num.fr",
        "description": "Speech recordings repository",
        "expertise": "",
        "consortium": 23,
        "type_certificate_url": "",
        "dsa_url": "",
        "pid_status": "ARK and PURL",
        "long_term_archiving_policy": "",
        "repository_system": " self-developed ",
        "strict_versioning": false,
        "type": [
            3
        ],
        "assessmentdates": [],
        "monitoring_contacts": []
    }
},
{
    "model": "centre_registry.centre",
    "pk": 34,
    "fields": {
        "name": "The ILC4CLARIN Centre at the Institute for Computational Linguistics ",
        "shorthand": "ILC4CLARIN",
        "organisation_name": "Institute for Computational Linguistics \"Antonio Zampolli\" ",
        "institution": "National Research Council",
        "working_unit": "Institute for Computational Linguistics \"Antonio Zampolli\" ",
        "address": "Via Moruzzi, 1",
        "postal_code": "56124",
        "city": "Pisa",
        "latitude": "43.7185511",
        "longitude": "10.4222234",
        "type_status": "Certified",
        "administrative_contact": 64,
        "technical_contact": 65,
        "website_url": "https://ilc4clarin.ilc.cnr.it/",
        "description": "",
        "expertise": "computational linguistics, language resources, natural language processing, linguistic annotation, information extracion",
        "consortium": 21,
        "type_certificate_url": "",
        "dsa_url": "https://www.coretrustseal.org/wp-content/uploads/2018/04/The-ILC4CLARIN-Centre-at-the-Institute-for-Computational-Linguistics-.pdf",
        "pid_status": "handle",
        "long_term_archiving_policy": "",
        "repository_system": "Dspace",
        "strict_versioning": false,
        "type": [
            1
        ],
        "assessmentdates": [],
        "monitoring_contacts": [
            65
        ]
    }
},
{
    "model": "centre_registry.centre",
    "pk": 35,
    "fields": {
        "name": "Centre for the Digital Foundation of Research in the Humanities, Social, and Educational Sciences",
        "shorthand": "CEDIFOR",
        "organisation_name": " Faculty of Computer Science and Mathematics",
        "institution": " Goethe University Frankfurt & TU Darmstadt & DIPF (Frankfurt)",
        "working_unit": " Texttechnology Lab (TTLab)",
        "address": "Senckenberganlage 31",
        "postal_code": "60325",
        "city": "Frankfurt, Germany",
        "latitude": "50.119051",
        "longitude": "8.652244",
        "type_status": "Aiming for B",
        "administrative_contact": 68,
        "technical_contact": 69,
        "website_url": "https://www.cedifor.de",
        "description": "CEDIFOR is a Digital Humanities Centre funded by the BMBF and located at GU Frankfurt, TU Darmstadt, and DIPF (Frankfurt)",
        "expertise": "Advising researchers from the Humanities, Social, and Educational Sciences on adopting computer based methods in their research",
        "consortium": 1,
        "type_certificate_url": "",
        "dsa_url": "",
        "pid_status": " PIDs based on ePIC (handles)",
        "long_term_archiving_policy": "",
        "repository_system": " self-developed",
        "strict_versioning": false,
        "type": [
            3
        ],
        "assessmentdates": [],
        "monitoring_contacts": []
    }
},
{
    "model": "centre_registry.centre",
    "pk": 36,
    "fields": {
        "name": "CLARIN-LT",
        "shorthand": "CLARIN-LT",
        "organisation_name": "CLARIN-LT",
        "institution": "Vytautas Magnus university",
        "working_unit": "Centre of Computational Linguistics",
        "address": "Putvinskio 23-216",
        "postal_code": "44212",
        "city": "Kaunas",
        "latitude": "54.9005572",
        "longitude": "23.914398",
        "type_status": "Aiming for B",
        "administrative_contact": 70,
        "technical_contact": 71,
        "website_url": "http://www.clarin-lt.lt",
        "description": "",
        "expertise": "The centre will provide tools, resources and services for the Lithuanian language.",
        "consortium": 15,
        "type_certificate_url": "",
        "dsa_url": "",
        "pid_status": "",
        "long_term_archiving_policy": "",
        "repository_system": " Dspace",
        "strict_versioning": false,
        "type": [
            3
        ],
        "assessmentdates": [],
        "monitoring_contacts": []
    }
},
{
    "model": "centre_registry.centre",
    "pk": 37,
    "fields": {
        "name": "Spr\u00e5kbanken, The Swedish language bank",
        "shorthand": "Sprakbanken",
        "organisation_name": "Spr\u00e5kbanken",
        "institution": "University of Gothenburg",
        "working_unit": "Department of Swedish",
        "address": "Box 200",
        "postal_code": "405 30",
        "city": "G\u00f6teborg",
        "latitude": "57.6938986",
        "longitude": "11.9815064",
        "type_status": "Certified",
        "administrative_contact": 72,
        "technical_contact": 73,
        "website_url": "http://spraakbanken.gu.se",
        "description": "To offer repository, resources and services. Additional A-services and virtual K-centre.",
        "expertise": "",
        "consortium": 20,
        "type_certificate_url": "http://hdl.handle.net/11372/DOC-141",
        "dsa_url": "https://assessment.datasealofapproval.org/assessment_208/seal/html/",
        "pid_status": "",
        "long_term_archiving_policy": "",
        "repository_system": "LINDAT-Dspace",
        "strict_versioning": true,
        "type": [
            1,
            5
        ],
        "assessmentdates": [],
        "monitoring_contacts": []
    }
},
{
    "model": "centre_registry.centre",
    "pk": 38,
    "fields": {
        "name": "PolMine Project",
        "shorthand": "PolMine",
        "organisation_name": "University of Duisburg-Essen",
        "institution": "University of Duisburg-Essen",
        "working_unit": "Faculty of the Social Sciences",
        "address": "Lotharstr. 57",
        "postal_code": "47057",
        "city": "Duisburg",
        "latitude": "51.4294378",
        "longitude": "6.7993325",
        "type_status": "",
        "administrative_contact": 74,
        "technical_contact": 75,
        "website_url": "http://www.polmine.de",
        "description": "",
        "expertise": "The specialization of the centre are politically relevant texts in the public domain, particularly corpora of plenary protocols. ",
        "consortium": null,
        "type_certificate_url": "",
        "dsa_url": "",
        "pid_status": "",
        "long_term_archiving_policy": "",
        "repository_system": "",
        "strict_versioning": false,
        "type": [
            3
        ],
        "assessmentdates": [],
        "monitoring_contacts": []
    }
},
{
    "model": "centre_registry.centre",
    "pk": 40,
    "fields": {
        "name": "Centre for Language and Speech Technology",
        "shorthand": "CLST",
        "organisation_name": "Radboud University",
        "institution": "Centre for Language and Speech Technology",
        "working_unit": "Centre for Language and Speech Technology",
        "address": "P.O. Box 9103",
        "postal_code": "6500 HD",
        "city": "Nijmegen",
        "latitude": "51.819146",
        "longitude": "5.863923",
        "type_status": "",
        "administrative_contact": 79,
        "technical_contact": 80,
        "website_url": "http://www.ru.nl/clst",
        "description": "CLST was founded in January 2003. Its objective is to contribute to the development of language and speech technology.",
        "expertise": "Language and speech technology in the contexts of data mining, language learning and speech therapy",
        "consortium": 10,
        "type_certificate_url": "",
        "dsa_url": "",
        "pid_status": "",
        "long_term_archiving_policy": "",
        "repository_system": "Our data are presently offered via MPI (https://corpus1.mpi.nl/ds/asv/?0&openpath=node:2102153)",
        "strict_versioning": false,
        "type": [
            3
        ],
        "assessmentdates": [],
        "monitoring_contacts": []
    }
},
{
    "model": "centre_registry.centre",
    "pk": 41,
    "fields": {
        "name": "Phonogrammarchiv Institute for audiovisual Research and Documentation",
        "shorthand": "Phonogrammarchiv",
        "organisation_name": "Austrian Academy of Sciences",
        "institution": "Phonogrammarchiv",
        "working_unit": "Phonogrammarchiv",
        "address": "Liebeiggasse 5",
        "postal_code": "1010",
        "city": "Vienna",
        "latitude": "48.2133217",
        "longitude": "16.3553763",
        "type_status": "Certified",
        "administrative_contact": 85,
        "technical_contact": 86,
        "website_url": "http://www.phonogrammarchiv.at/wwwnew/clarin-knowledge-centre.htm",
        "description": "The Phonogrammarchiv is a multi-disciplinary research sound and video archive, covering holdings from all continents.",
        "expertise": "recordings in the fields of cultural and social anthropology, ethnomusicology, musicology, linguistics, sociology, zoology, medi",
        "consortium": 2,
        "type_certificate_url": "http://hdl.handle.net/11372/DOC-113",
        "dsa_url": "",
        "pid_status": "",
        "long_term_archiving_policy": "",
        "repository_system": "",
        "strict_versioning": false,
        "type": [
            5
        ],
        "assessmentdates": [],
        "monitoring_contacts": []
    }
},
{
    "model": "centre_registry.centre",
    "pk": 42,
    "fields": {
        "name": "Lund University Humanities Lab",
        "shorthand": "lundlab",
        "organisation_name": "Lund University",
        "institution": "Lund University Humanities Lab",
        "working_unit": "Lund University Humanities Lab",
        "address": "Box 201",
        "postal_code": "SE - 221 00",
        "city": "Lund",
        "latitude": "55.7090161",
        "longitude": "13.1974325",
        "type_status": "Certified",
        "administrative_contact": 87,
        "technical_contact": 87,
        "website_url": "http://www.humlab.lu.se/",
        "description": "The Lund University Humanities Lab provides tools and expertise related to language archiving, corpus and (meta)data management.",
        "expertise": "Multimodal and sensor-based methods, including EEG, eye-tracking, articulography, virtual reality, motion capture, av-recording",
        "consortium": 20,
        "type_certificate_url": "https://hdl.handle.net/11372/DOC-137",
        "dsa_url": "",
        "pid_status": "",
        "long_term_archiving_policy": "",
        "repository_system": "",
        "strict_versioning": false,
        "type": [
            5
        ],
        "assessmentdates": [],
        "monitoring_contacts": []
    }
},
{
    "model": "centre_registry.centre",
    "pk": 43,
    "fields": {
        "name": "CLARINO Text Laboratory Centre",
        "shorthand": "TextLab",
        "organisation_name": "The Text laboratory",
        "institution": "University of Oslo",
        "working_unit": "Department of Lingusitics and Scandinavian Studies",
        "address": "P.O. Box 1102 Blindern ",
        "postal_code": "0317",
        "city": "Oslo",
        "latitude": "59.9421883",
        "longitude": "10.722153",
        "type_status": "",
        "administrative_contact": 88,
        "technical_contact": 89,
        "website_url": "http://www.tekstlab.uio.no/clarino/",
        "description": "Goal: We want our linguistic resources (corpora, tools and word lists) to be available to the CLARIN community.",
        "expertise": "Language technology, corpora, grammatical tools and corpus tools",
        "consortium": 14,
        "type_certificate_url": "",
        "dsa_url": "",
        "pid_status": "We use the PID service from the National Library of Norway",
        "long_term_archiving_policy": "",
        "repository_system": "",
        "strict_versioning": false,
        "type": [
            3
        ],
        "assessmentdates": [],
        "monitoring_contacts": []
    }
},
{
    "model": "centre_registry.centre",
    "pk": 44,
    "fields": {
        "name": "Mediterranean Research Centre for the Humanities' Phonoth\u00e8que",
        "shorthand": "MMSH's Phonoth\u00e8que",
        "organisation_name": "Ma",
        "institution": "Maison M\u00e9diterran\u00e9enne des Sciences de l\u2019Homme - Aix-Marseille University / CNRS",
        "working_unit": "N/A",
        "address": "5 rue du ch\u00e2teau de l'horloge",
        "postal_code": "BP 647 13094 Cedex 2",
        "city": "Aix-en-Provence",
        "latitude": "43.535070",
        "longitude": "5.446179",
        "type_status": "",
        "administrative_contact": 91,
        "technical_contact": 91,
        "website_url": "http://phonotheque.mmsh.huma-num.fr",
        "description": "The collection held more than 8000 hours of audio archives recorded since the late 1950s concerning all the humanities sciences.",
        "expertise": "Intangible heritage",
        "consortium": 23,
        "type_certificate_url": "",
        "dsa_url": "",
        "pid_status": "",
        "long_term_archiving_policy": "",
        "repository_system": "",
        "strict_versioning": false,
        "type": [
            3
        ],
        "assessmentdates": [],
        "monitoring_contacts": []
    }
},
{
    "model": "centre_registry.centre",
    "pk": 45,
    "fields": {
        "name": "Austrian Centre for Digital Humanities - A Resource Centre for the HumanitiEs",
        "shorthand": "ACDH-ARCHE",
        "organisation_name": "Austrian Academy of Sciences",
        "institution": "Austrian Centre for Digital Humanities",
        "working_unit": "Austrian Centre for Digital Humanities",
        "address": "Sonnenfelsgasse 19",
        "postal_code": "1010",
        "city": "Vienna",
        "latitude": "48.209117",
        "longitude": "16.377080",
        "type_status": "Certified",
        "administrative_contact": 94,
        "technical_contact": 95,
        "website_url": "https://arche.acdh.oeaw.ac.at/",
        "description": "ACDH is a research institute at the Austrian Academy of Sciences offering services for the DH community.",
        "expertise": "",
        "consortium": 2,
        "type_certificate_url": "http://hdl.handle.net/11372/DOC-105",
        "dsa_url": "https://www.coretrustseal.org/wp-content/uploads/2018/03/ARCHE.pdf",
        "pid_status": "Handles for metadata and resources (common CLARIN prefix 11022)",
        "long_term_archiving_policy": "",
        "repository_system": "Fedora Commons version 4 + own development",
        "strict_versioning": false,
        "type": [
            1
        ],
        "assessmentdates": [],
        "monitoring_contacts": [
            96,
            2,
            3
        ]
    }
},
{
    "model": "centre_registry.centre",
    "pk": 46,
    "fields": {
        "name": "CLARIN Knowledge Centre for linguistic diversity and language documentation",
        "shorthand": "CKLD",
        "organisation_name": "University Hamburg ; SOAS London ; University of Cologne",
        "institution": "University Hamburg ; SOAS London ; University of Cologne",
        "working_unit": "Department of Linguistics",
        "address": "University of Cologne",
        "postal_code": "50923",
        "city": "Cologne",
        "latitude": "50.9266658",
        "longitude": "6.9304855",
        "type_status": "Certified (K)",
        "administrative_contact": 98,
        "technical_contact": 98,
        "website_url": "http://ckld.uni-koeln.de/",
        "description": "CKLD is a distributed K-Centre and offers expertise on linguistic diversity and language documentation.",
        "expertise": "linguistic diversity and language documentation",
        "consortium": null,
        "type_certificate_url": "http://hdl.handle.net/11372/DOC-142",
        "dsa_url": "",
        "pid_status": "",
        "long_term_archiving_policy": "",
        "repository_system": "",
        "strict_versioning": false,
        "type": [
            5
        ],
        "assessmentdates": [],
        "monitoring_contacts": []
    }
},
{
    "model": "centre_registry.centre",
    "pk": 47,
    "fields": {
        "name": "Language Archive Cologne",
        "shorthand": "LAC",
        "organisation_name": "Data Centre for the Humanities",
        "institution": "University of Cologne",
        "working_unit": "Faculty of Arts and Humanities",
        "address": "Data Center for the Humanities / Universit\u00e4t zu K\u00f6ln / Albertus-Magnus-Platz",
        "postal_code": "D-50923 ",
        "city": "Cologne",
        "latitude": "50.928130",
        "longitude": "6.928546",
        "type_status": "Aiming for B",
        "administrative_contact": 99,
        "technical_contact": 99,
        "website_url": "https://lac.uni-koeln.de",
        "description": "The Language Archive Cologne (LAC) supports research, learning and teaching with high quality and dependable digital language repository",
        "expertise": "audio-visual speech data, linguistic fieldwork, linguistic diversity, and language documentation",
        "consortium": 1,
        "type_certificate_url": "",
        "dsa_url": "",
        "pid_status": "Handle / 11341",
        "long_term_archiving_policy": "",
        "repository_system": "",
        "strict_versioning": true,
        "type": [
            3
        ],
        "assessmentdates": [],
        "monitoring_contacts": [
            99
        ]
    }
},
{
    "model": "centre_registry.centre",
    "pk": 48,
    "fields": {
        "name": "The Troms\u00f8 Repository of Language and Linguistics",
        "shorthand": "TROLLing",
        "organisation_name": " UiT The Arctic University of Norway ",
        "institution": " UiT The Arctic University of Norway ",
        "working_unit": " University Library",
        "address": "Postboks 6050 Langnes 9037 Troms\u00f8",
        "postal_code": "9037",
        "city": "Troms\u00f8",
        "latitude": "69.6798027",
        "longitude": "18.9712161",
        "type_status": "",
        "administrative_contact": 101,
        "technical_contact": 100,
        "website_url": "https://dataverse.no/dataverse/trolling",
        "description": " The Troms\u00f8 Repository of Language and Linguistics (TROLLing) is designed as an archive of linguistic data and statistical code. ",
        "expertise": "",
        "consortium": 14,
        "type_certificate_url": "",
        "dsa_url": "",
        "pid_status": "DOI",
        "long_term_archiving_policy": "",
        "repository_system": " Dataverse ",
        "strict_versioning": false,
        "type": [
            3
        ],
        "assessmentdates": [],
        "monitoring_contacts": []
    }
},
{
    "model": "centre_registry.centre",
    "pk": 49,
    "fields": {
        "name": "Eurac Research CLARIN Centre",
        "shorthand": "ERCC",
        "organisation_name": "Eurac Research",
        "institution": "Institute for Applied Linguistics",
        "working_unit": "Institute for Applied Linguistics",
        "address": "Viale Druso, 1 / Drususallee 1",
        "postal_code": "39100",
        "city": "Bolzano / Bozen",
        "latitude": "46.4892648",
        "longitude": "11.3296052",
        "type_status": "Aiming for B",
        "administrative_contact": 102,
        "technical_contact": 103,
        "website_url": "https://clarin.eurac.edu/",
        "description": "Storing and providing data collected at the Institute for Applied Linguistics at Eurac Research and beyond.",
        "expertise": "Specialised in CMC and Language Learner Data",
        "consortium": 21,
        "type_certificate_url": "",
        "dsa_url": "",
        "pid_status": "Handles (prefix 20.500.12124)",
        "long_term_archiving_policy": "",
        "repository_system": "CLARIN DSpace",
        "strict_versioning": true,
        "type": [
            3
        ],
        "assessmentdates": [],
        "monitoring_contacts": [
            103
        ]
    }
},
{
    "model": "centre_registry.centre",
    "pk": 50,
    "fields": {
        "name": "PORTULAN CLARIN Research Infrastructure for the Science and Technology of Language",
        "shorthand": "PORTULAN-CLARIN",
        "organisation_name": "Universidade de Lisboa",
        "institution": "Faculdade de Ci\u00eancias da Universidade de Lisboa",
        "working_unit": "Departamento de Inform\u00e1tica",
        "address": "Departamento de Inform\u00e1tica - FCUL, Edif\u00edcio C6 - piso 3, Campo Grande",
        "postal_code": "1749-016",
        "city": "Lisboa",
        "latitude": "38.7557098",
        "longitude": "-9.1578508",
        "type_status": "Aiming for B",
        "administrative_contact": 108,
        "technical_contact": 109,
        "website_url": "https://portulanclarin.net/",
        "description": "",
        "expertise": "science and technology of language, digital humanities, artificial intelligence, cognitive science",
        "consortium": 16,
        "type_certificate_url": "",
        "dsa_url": "",
        "pid_status": "Handle via EPIC (prefix: 21.11115)",
        "long_term_archiving_policy": "",
        "repository_system": "META-SHARE derivative",
        "strict_versioning": true,
        "type": [
            3
        ],
        "assessmentdates": [],
        "monitoring_contacts": []
    }
},
{
    "model": "centre_registry.centre",
    "pk": 51,
    "fields": {
        "name": "Czech National Corpus",
        "shorthand": "CNC",
        "organisation_name": "Charles University",
        "institution": "Faculty of Arts",
        "working_unit": "Institute of the Czech National Corpus",
        "address": "N\u00e1m. Jana Palacha 2",
        "postal_code": "116 38",
        "city": "Praha",
        "latitude": "50.0889171",
        "longitude": "14.4160353",
        "type_status": "",
        "administrative_contact": 110,
        "technical_contact": 110,
        "website_url": "http://www.korpus.cz",
        "description": "CNC is a research infrastructure (RI) recognized by the Czech goverment and included on the national RI roadmap.",
        "expertise": "Continuous mapping of Czech by building and annotating large general-purpose language corpora and providing access to them.",
        "consortium": 3,
        "type_certificate_url": "",
        "dsa_url": "",
        "pid_status": "",
        "long_term_archiving_policy": "",
        "repository_system": "",
        "strict_versioning": false,
        "type": [
            5
        ],
        "assessmentdates": [
            3
        ],
        "monitoring_contacts": []
    }
},
{
    "model": "centre_registry.centre",
    "pk": 52,
    "fields": {
        "name": "IMPACT Centre of Competence",
        "shorthand": "IMPACT-CKC",
        "organisation_name": "IMPACT Centre of Competence",
        "institution": "Fundaci\u00f3n Biblioteca Virtual Miguel de Cervantes",
        "working_unit": "Fundaci\u00f3n Biblioteca Virtual Miguel de Cervantes",
        "address": "Paseo de la Castellana 103",
        "postal_code": "28046",
        "city": "Madrid",
        "latitude": "40.42998",
        "longitude": "3.68914",
        "type_status": "Certified",
        "administrative_contact": 112,
        "technical_contact": 112,
        "website_url": "http://www.digitisation.eu",
        "description": "Digitisation of historical text including the whole digitisation workflow: image pre-processing, OCR, post-correction, etc.",
        "expertise": "",
        "consortium": null,
        "type_certificate_url": "http://hdl.handle.net/11372/DOC-148",
        "dsa_url": "",
        "pid_status": "",
        "long_term_archiving_policy": "",
        "repository_system": "",
        "strict_versioning": false,
        "type": [
            5
        ],
        "assessmentdates": [
            3
        ],
        "monitoring_contacts": []
    }
},
{
    "model": "centre_registry.centre",
    "pk": 53,
    "fields": {
        "name": "CLARIN Knowledge Centre for Swedish in a Multilingual Setting (SMS)",
        "shorthand": "CLARIN-SMS",
        "organisation_name": "CLARIN Knowledge Centre for Swedish in a Multilingual Setting",
        "institution": "Stockholm University",
        "working_unit": "Department of Linguistics",
        "address": "Universitetsv\u00e4gen 10 C",
        "postal_code": "SE - 10691",
        "city": "Stockholm",
        "latitude": "59.334591",
        "longitude": "18.063240",
        "type_status": "Certified",
        "administrative_contact": 113,
        "technical_contact": 113,
        "website_url": "https://sweclarin.se/eng/centers/sms",
        "description": "",
        "expertise": "Offers special expertise in the areas of processing of parallel and comparable corpora, including alignment and machine translation",
        "consortium": 20,
        "type_certificate_url": "http://hdl.handle.net/11372/DOC-151",
        "dsa_url": "",
        "pid_status": "",
        "long_term_archiving_policy": "",
        "repository_system": "",
        "strict_versioning": false,
        "type": [
            5
        ],
        "assessmentdates": [
            8
        ],
        "monitoring_contacts": []
    }
},
{
    "model": "centre_registry.centre",
    "pk": 54,
    "fields": {
        "name": "Clarin Knowledge Centre on Diachronic Language Resources",
        "shorthand": "DiaRes",
        "organisation_name": "Uppsala University",
        "institution": "Uppsala University",
        "working_unit": "Department of Linguistics and Philology",
        "address": "Box 635",
        "postal_code": "SE-75126",
        "city": "Uppsala",
        "latitude": "59.511619",
        "longitude": "17.372639",
        "type_status": "Certified",
        "administrative_contact": 114,
        "technical_contact": 114,
        "website_url": "https://sweclarin.se/eng/centers/diares",
        "description": "",
        "expertise": "Focus on diachrionic text collections, historical texts, and tools and resources for processing and analysing them.",
        "consortium": 20,
        "type_certificate_url": "http://hdl.handle.net/11372/DOC-149",
        "dsa_url": "",
        "pid_status": "",
        "long_term_archiving_policy": "",
        "repository_system": "",
        "strict_versioning": false,
        "type": [
            5
        ],
        "assessmentdates": [
            8
        ],
        "monitoring_contacts": [
            114
        ]
    }
},
{
    "model": "centre_registry.centre",
    "pk": 55,
    "fields": {
        "name": "CLARIN Knowledge Center for Terminology Resources and Translation Corpora (TRTC)",
        "shorthand": "TRTC",
        "organisation_name": "University of Vienna, Centre for Translation Studies",
        "institution": "University of Vienna",
        "working_unit": "Centre for Translation Studies",
        "address": "Gymnasiumstra\u00dfe 50",
        "postal_code": "1190",
        "city": "Vienna",
        "latitude": "48.209117",
        "longitude": "16.377080",
        "type_status": "Certified",
        "administrative_contact": 115,
        "technical_contact": 115,
        "website_url": "https://trtc.univie.ac.at",
        "description": "Helpdesk, material and training about the preparation and documentation on terminology resources and translation corpora",
        "expertise": "",
        "consortium": 2,
        "type_certificate_url": "http://hdl.handle.net/11372/DOC-150",
        "dsa_url": "",
        "pid_status": "",
        "long_term_archiving_policy": "",
        "repository_system": "",
        "strict_versioning": false,
        "type": [
            5
        ],
        "assessmentdates": [
            8
        ],
        "monitoring_contacts": []
    }
},
{
    "model": "centre_registry.centre",
    "pk": 56,
    "fields": {
        "name": "CLARIN Knowledge Centre for The Languages of Sweden",
        "shorthand": "SWELANG",
        "organisation_name": "Spr\u00e5kr\u00e5det (The Language Council of Sweden)",
        "institution": "Institute of Language and Folklore in Stockholm, Uppsala and G\u00f6teborg",
        "working_unit": "Spr\u00e5kr\u00e5det (The Language Council of Sweden)",
        "address": "Box 20057",
        "postal_code": "SE-104 60",
        "city": "Stockholm",
        "latitude": "59.334591",
        "longitude": "18.063240",
        "type_status": "Certified",
        "administrative_contact": 116,
        "technical_contact": 116,
        "website_url": "https://sweclarin.se/eng/centers/sprakradet",
        "description": "Information service offering advice on the use of digital language resources and tools for the Swedish language, minority languages in Sweden, Swedish sign language, Swedish dialects et al.",
        "expertise": "language technology, corpus linguistics and language counseling",
        "consortium": 20,
        "type_certificate_url": "https://hdl.handle.net/11372/DOC-136",
        "dsa_url": "",
        "pid_status": "",
        "long_term_archiving_policy": "",
        "repository_system": "",
        "strict_versioning": false,
        "type": [
            5
        ],
        "assessmentdates": [
            10
        ],
        "monitoring_contacts": []
    }
},
{
    "model": "centre_registry.centre",
    "pk": 57,
    "fields": {
        "name": "CLARIN Knowledge Centre for Speech Analysis",
        "shorthand": "CLARIN-SPEECH",
        "organisation_name": "KTH School of Computer Science and Communication",
        "institution": "KTH Royal Institute of Technology",
        "working_unit": "Division of Speech, Music and Hearing",
        "address": "Lindstedtsv\u00e4gen 24",
        "postal_code": "SE-100 44",
        "city": "Stockholm",
        "latitude": "59.334591",
        "longitude": "18.063240",
        "type_status": "Certified",
        "administrative_contact": 111,
        "technical_contact": 111,
        "website_url": "https://www.kth.se/tmh",
        "description": "Technical advice on speech analysis",
        "expertise": "Expertise in the collection, processing, annotation and exploitation of large multimodal speech corpora",
        "consortium": 20,
        "type_certificate_url": "http://hdl.handle.net/1839/00-DOCS.CLARIN.EU-117",
        "dsa_url": "",
        "pid_status": "",
        "long_term_archiving_policy": "",
        "repository_system": "",
        "strict_versioning": false,
        "type": [
            5
        ],
        "assessmentdates": [
            5
        ],
        "monitoring_contacts": []
    }
},
{
    "model": "centre_registry.centre",
    "pk": 58,
    "fields": {
        "name": "South African Centre for Digital Language Resources",
        "shorthand": "SADiLaR",
        "organisation_name": "South African Centre for Digital Language Resources",
        "institution": "North-West University",
        "working_unit": "Faculty of Humanities",
        "address": "11 Hoffman street, Potchefstroom, 2531, South Africa",
        "postal_code": "2531",
        "city": "Potchefstroom",
        "latitude": "-26.6906464",
        "longitude": "27.0907368",
        "type_status": "",
        "administrative_contact": 118,
        "technical_contact": 119,
        "website_url": "https://www.sadilar.org/",
        "description": "",
        "expertise": "",
        "consortium": 27,
        "type_certificate_url": "",
        "dsa_url": "",
        "pid_status": "Handle (own server and prefix: 20.500.12185)",
        "long_term_archiving_policy": "",
        "repository_system": "DSpace",
        "strict_versioning": false,
        "type": [
            3
        ],
        "assessmentdates": [],
        "monitoring_contacts": []
    }
},
{
    "model": "centre_registry.centre",
    "pk": 59,
    "fields": {
        "name": "CLARIN Knowledge Centre for South Slavic Languages",
        "shorthand": "CLASSLA",
        "organisation_name": "The Slovenian CLARIN.SI research infrastructure",
        "institution": "Jo\u017eef Stefan Institute",
        "working_unit": "Jo\u017eef Stefan Institute",
        "address": "Jamova cesta 39",
        "postal_code": "SI \u2013 1000",
        "city": "Ljubljana",
        "latitude": "46.042068",
        "longitude": "14.487589",
        "type_status": "Certified",
        "administrative_contact": 120,
        "technical_contact": 120,
        "website_url": "http://www.clarin.si/info/k-centre/",
        "description": "The centre offers expertise on language resources and technologies for South Slavic languages",
        "expertise": "",
        "consortium": 18,
        "type_certificate_url": "http://hdl.handle.net/11372/DOC-153",
        "dsa_url": "",
        "pid_status": "",
        "long_term_archiving_policy": "",
        "repository_system": "",
        "strict_versioning": false,
        "type": [
            5
        ],
        "assessmentdates": [
            14
        ],
        "monitoring_contacts": []
    }
},
{
    "model": "centre_registry.centre",
    "pk": 60,
    "fields": {
        "name": "Georg Eckert Institute for International Textbook Research",
        "shorthand": "GEI",
        "organisation_name": "Georg Eckert Institute for International Textbook Research",
        "institution": "Georg Eckert Institute for International Textbook Research",
        "working_unit": "Digital Information and Research Infrastructure Department (DIRI)",
        "address": "Celler Stra\u00dfe 13",
        "postal_code": "38114",
        "city": "Braunschweig",
        "latitude": "52.268450",
        "longitude": "10.511086",
        "type_status": "",
        "administrative_contact": 123,
        "technical_contact": 123,
        "website_url": "http://worldviews.gei.de",
        "description": "",
        "expertise": "",
        "consortium": null,
        "type_certificate_url": "",
        "dsa_url": "",
        "pid_status": "",
        "long_term_archiving_policy": "",
        "repository_system": "",
        "strict_versioning": false,
        "type": [
            3
        ],
        "assessmentdates": [],
        "monitoring_contacts": [
            123
        ]
    }
},
{
    "model": "centre_registry.centre",
    "pk": 61,
    "fields": {
        "name": "CLARIN Knowledge Centre for Atypical Communication Expertise",
        "shorthand": "ACE",
        "organisation_name": "Radboud University",
        "institution": "Centre for Language and Speech Technology",
        "working_unit": "Centre for Language and Speech Technology",
        "address": "P.O. Box 9103",
        "postal_code": "6500 HD",
        "city": "Nijmegen",
        "latitude": "51.819146",
        "longitude": "5.863923",
        "type_status": "Certified",
        "administrative_contact": 79,
        "technical_contact": 80,
        "website_url": "http://www.ru.nl/clst",
        "description": "Atypical communication encompasses language and speech as encountered during (second) language acquisition and development, and in language disorders, but also more broadly in bilingual language development and in sign language.",
        "expertise": "specialised in this type of research and concomitant infrastructural issues related to data acquisition, processing and sharing, which is typically highly characterised by sensitivity issues.",
        "consortium": 10,
        "type_certificate_url": "http://hdl.handle.net/11372/DOC-154",
        "dsa_url": "",
        "pid_status": "",
        "long_term_archiving_policy": "",
        "repository_system": "",
        "strict_versioning": false,
        "type": [
            5
        ],
        "assessmentdates": [
            18
        ],
        "monitoring_contacts": []
    }
},
{
    "model": "centre_registry.centre",
    "pk": 62,
    "fields": {
        "name": "DARIAH-DE Repository",
        "shorthand": "DH-REP",
        "organisation_name": "DARIAH-DE",
        "institution": "Nieders\u00e4chsische Staats- und Universit\u00e4tsbibliothek G\u00f6ttingen",
        "working_unit": "Research and Development Department",
        "address": "Papendiek 14",
        "postal_code": "37073",
        "city": "G\u00f6ttingen",
        "latitude": "51.562323",
        "longitude": "9.970938",
        "type_status": "",
        "administrative_contact": 125,
        "technical_contact": 124,
        "website_url": "https://repository.de.dariah.eu/doc/services/index.html",
        "description": "",
        "expertise": "",
        "consortium": null,
        "type_certificate_url": "",
        "dsa_url": "",
        "pid_status": "",
        "long_term_archiving_policy": "",
        "repository_system": "",
        "strict_versioning": false,
        "type": [
            3
        ],
        "assessmentdates": [],
        "monitoring_contacts": []
    }
},
{
    "model": "centre_registry.centre",
    "pk": 63,
    "fields": {
        "name": "CLARIN Knowledge Centre for Data Management at NSD",
        "shorthand": "NSD",
        "organisation_name": "Norwegian Centre for Research Data (NSD)",
        "institution": "Norwegian Centre for Research Data (NSD)",
        "working_unit": "Norwegian Centre for Research Data (NSD)",
        "address": "Harald H\u00e5rfagres gate 29",
        "postal_code": "N-5007",
        "city": "Bergen",
        "latitude": "60.2786821",
        "longitude": "6.1084835",
        "type_status": "Certified",
        "administrative_contact": 126,
        "technical_contact": 126,
        "website_url": "https://nsd.no/clarin-k-centre",
        "description": "CLARIN Knowledge Centre (K-centre) in the areas of data management and legal and ethical issues",
        "expertise": "Provides expertise in data management, including legal and ethical issues related to privacy and IPR.",
        "consortium": null,
        "type_certificate_url": "http://hdl.handle.net/11372/DOC-146",
        "dsa_url": "",
        "pid_status": "",
        "long_term_archiving_policy": "",
        "repository_system": "",
        "strict_versioning": false,
        "type": [
            5
        ],
        "assessmentdates": [
            3
        ],
        "monitoring_contacts": []
    }
},
{
    "model": "centre_registry.centre",
    "pk": 64,
    "fields": {
        "name": "CLARIN-IS",
        "shorthand": "CLARIN-IS",
        "organisation_name": "The \u00c1rni Magn\u00fasson Institute for Icelandic Studies",
        "institution": "The \u00c1rni Magn\u00fasson Institute for Icelandic Studies",
        "working_unit": "The \u00c1rni Magn\u00fasson Institute for Icelandic Studies",
        "address": "Laugavegur 13",
        "postal_code": "IS-101",
        "city": "Reykjav\u00edk",
        "latitude": "64.1464",
        "longitude": "-21.9422",
        "type_status": "Aiming for B",
        "administrative_contact": 127,
        "technical_contact": 128,
        "website_url": "http://clarin.is",
        "description": "",
        "expertise": "",
        "consortium": 26,
        "type_certificate_url": "",
        "dsa_url": "",
        "pid_status": "",
        "long_term_archiving_policy": "",
        "repository_system": "",
        "strict_versioning": false,
        "type": [
            3
        ],
        "assessmentdates": [],
        "monitoring_contacts": [
            127
        ]
    }
},
{
    "model": "centre_registry.metadataformat",
    "pk": 1,
    "fields": {
        "name": "CMDI"
    }
},
{
    "model": "centre_registry.metadataformat",
    "pk": 2,
    "fields": {
        "name": "OLAC"
    }
},
{
    "model": "centre_registry.metadataformat",
    "pk": 3,
    "fields": {
        "name": "OAI_DC"
    }
},
{
    "model": "centre_registry.urlreference",
    "pk": 2,
    "fields": {
        "centre": 1,
        "description": "B-certificate",
        "url": "http://hdl.handle.net/1839/00-DOCS.CLARIN.EU-87"
    }
},
{
    "model": "centre_registry.urlreference",
    "pk": 3,
    "fields": {
        "centre": 1,
        "description": "Repository",
        "url": "http://www.sfs.uni-tuebingen.de/ascl/clarin-center/repository.html"
    }
},
{
    "model": "centre_registry.urlreference",
    "pk": 4,
    "fields": {
        "centre": 21,
        "description": "B-certificate",
        "url": "http://hdl.handle.net/1839/00-DOCS.CLARIN.EU-110"
    }
},
{
    "model": "centre_registry.urlreference",
    "pk": 5,
    "fields": {
        "centre": 18,
        "description": "B-certificate",
        "url": "http://hdl.handle.net/1839/00-DOCS.CLARIN.EU-109"
    }
},
{
    "model": "centre_registry.oaipmhendpoint",
    "pk": 2,
    "fields": {
        "centre": 4,
        "metadata_format": 1,
        "web_services_set": "oai:webservices",
        "web_services_type": "WebLicht",
        "uri": "https://clarinoai.informatik.uni-leipzig.de/oaiprovider/oai",
        "note": ""
    }
},
{
    "model": "centre_registry.oaipmhendpoint",
    "pk": 3,
    "fields": {
        "centre": 5,
        "metadata_format": 1,
        "web_services_set": "Weblicht",
        "web_services_type": "WebLicht",
        "uri": "http://www.phonetik.uni-muenchen.de/cgi-bin/BASRepository/oaipmh/oai.pl",
        "note": ""
    }
},
{
    "model": "centre_registry.oaipmhendpoint",
    "pk": 4,
    "fields": {
        "centre": 11,
        "metadata_format": 1,
        "web_services_set": "WebLichtWebServices",
        "web_services_type": "WebLicht",
        "uri": "http://repos.ids-mannheim.de/oaiprovider/",
        "note": ""
    }
},
{
    "model": "centre_registry.oaipmhendpoint",
    "pk": 5,
    "fields": {
        "centre": 24,
        "metadata_format": 1,
        "web_services_set": "",
        "web_services_type": "REST",
        "uri": "https://archive.mpi.nl/oai2",
        "note": ""
    }
},
{
    "model": "centre_registry.oaipmhendpoint",
    "pk": 6,
    "fields": {
        "centre": 13,
        "metadata_format": 1,
        "web_services_set": "",
        "web_services_type": "",
        "uri": "http://fedora.clarin-d.uni-saarland.de/oaiprovider/",
        "note": ""
    }
},
{
    "model": "centre_registry.oaipmhendpoint",
    "pk": 7,
    "fields": {
        "centre": 6,
        "metadata_format": 1,
        "web_services_set": "WebLichtWebServices",
        "web_services_type": "WebLicht",
        "uri": "https://clarin.bbaw.de:8088/oaiprovider",
        "note": ""
    }
},
{
    "model": "centre_registry.oaipmhendpoint",
    "pk": 8,
    "fields": {
        "centre": 9,
        "metadata_format": 1,
        "web_services_set": "",
        "web_services_type": "WebLicht",
        "uri": "http://corpora.uni-hamburg.de:8080/oai/provider",
        "note": ""
    }
},
{
    "model": "centre_registry.oaipmhendpoint",
    "pk": 9,
    "fields": {
        "centre": 10,
        "metadata_format": 1,
        "web_services_set": "",
        "web_services_type": "WebLicht",
        "uri": "http://clarin04.ims.uni-stuttgart.de/oaiprovider/oai",
        "note": ""
    }
},
{
    "model": "centre_registry.oaipmhendpoint",
    "pk": 10,
    "fields": {
        "centre": 21,
        "metadata_format": 1,
        "web_services_set": "",
        "web_services_type": "",
        "uri": "http://oaipmh.huygens.knaw.nl/oai",
        "note": ""
    }
},
{
    "model": "centre_registry.oaipmhendpoint",
    "pk": 11,
    "fields": {
        "centre": 3,
        "metadata_format": 1,
        "web_services_set": "hdl_11858_00-097C-0000-0023-8C33-2",
        "web_services_type": "WebLicht",
        "uri": "http://lindat.mff.cuni.cz/repository/oai/request",
        "note": ""
    }
},
{
    "model": "centre_registry.oaipmhendpoint",
    "pk": 12,
    "fields": {
        "centre": 22,
        "metadata_format": 1,
        "web_services_set": "",
        "web_services_type": "REST",
        "uri": "http://repository.clarin.inl.nl/oai/provider",
        "note": ""
    }
},
{
    "model": "centre_registry.oaipmhendpoint",
    "pk": 13,
    "fields": {
        "centre": 23,
        "metadata_format": 1,
        "web_services_set": "",
        "web_services_type": "",
        "uri": "http://www.meertens.knaw.nl/oai/oai_server.php",
        "note": ""
    }
},
{
    "model": "centre_registry.oaipmhendpoint",
    "pk": 14,
    "fields": {
        "centre": 15,
        "metadata_format": 1,
        "web_services_set": "toolService:service:WebLichtWebService",
        "web_services_type": "WebLicht",
        "uri": "https://metashare.ut.ee/oai_pmh/",
        "note": ""
    }
},
{
    "model": "centre_registry.oaipmhendpoint",
    "pk": 16,
    "fields": {
        "centre": 25,
        "metadata_format": 1,
        "web_services_set": "",
        "web_services_type": "REST",
        "uri": "https://clarin-pl.eu/oai/request",
        "note": ""
    }
},
{
    "model": "centre_registry.oaipmhendpoint",
    "pk": 17,
    "fields": {
        "centre": 17,
        "metadata_format": 1,
        "web_services_set": "",
        "web_services_type": "",
        "uri": "http://metalb.csc.fi/cgi-bin/que",
        "note": ""
    }
},
{
    "model": "centre_registry.oaipmhendpoint",
    "pk": 18,
    "fields": {
        "centre": 18,
        "metadata_format": 1,
        "web_services_set": "",
        "web_services_type": "REST",
        "uri": "http://oai.talkbank.org/oai/provider",
        "note": ""
    }
},
{
    "model": "centre_registry.oaipmhendpoint",
    "pk": 19,
    "fields": {
        "centre": 26,
        "metadata_format": 1,
        "web_services_set": "",
        "web_services_type": "REST",
        "uri": "https://ota.bodleian.ox.ac.uk/repository/oai/request",
        "note": ""
    }
},
{
    "model": "centre_registry.oaipmhendpoint",
    "pk": 20,
    "fields": {
        "centre": 14,
        "metadata_format": 1,
        "web_services_set": "",
        "web_services_type": "",
        "uri": "http://clarin.dk/oaiprovider/",
        "note": ""
    }
},
{
    "model": "centre_registry.oaipmhendpoint",
    "pk": 21,
    "fields": {
        "centre": 1,
        "metadata_format": 1,
        "web_services_set": "WebLichtWebServices",
        "web_services_type": "WebLicht",
        "uri": "https://talar.sfb833.uni-tuebingen.de:8443/erdora/rest/oai",
        "note": ""
    }
},
{
    "model": "centre_registry.oaipmhendpoint",
    "pk": 23,
    "fields": {
        "centre": 20,
        "metadata_format": 1,
        "web_services_set": "",
        "web_services_type": "",
        "uri": "http://oai.clarin-beta.dans.knaw.nl/OAIHandler",
        "note": ""
    }
},
{
    "model": "centre_registry.oaipmhendpoint",
    "pk": 24,
    "fields": {
        "centre": 16,
        "metadata_format": 3,
        "web_services_set": "",
        "web_services_type": "",
        "uri": "http://ws02.iula.upf.edu/corpus_data/oai-iula/oai.pl",
        "note": ""
    }
},
{
    "model": "centre_registry.oaipmhendpoint",
    "pk": 25,
    "fields": {
        "centre": 4,
        "metadata_format": 1,
        "web_services_set": "",
        "web_services_type": "REST",
        "uri": "http://openscience.uni-leipzig.de/index.php/mr2/oai",
        "note": ""
    }
},
{
    "model": "centre_registry.oaipmhendpoint",
    "pk": 26,
    "fields": {
        "centre": 28,
        "metadata_format": 2,
        "web_services_set": "",
        "web_services_type": "REST",
        "uri": "http://sldr.org/oai-pmh.php",
        "note": ""
    }
},
{
    "model": "centre_registry.oaipmhendpoint",
    "pk": 27,
    "fields": {
        "centre": 30,
        "metadata_format": 1,
        "web_services_set": "hdl_11356_1077",
        "web_services_type": "WebLicht",
        "uri": "http://www.clarin.si/repository/oai/request",
        "note": ""
    }
},
{
    "model": "centre_registry.oaipmhendpoint",
    "pk": 28,
    "fields": {
        "centre": 31,
        "metadata_format": 1,
        "web_services_set": "",
        "web_services_type": "REST",
        "uri": "http://www.nb.no/clarino/oai",
        "note": ""
    }
},
{
    "model": "centre_registry.oaipmhendpoint",
    "pk": 29,
    "fields": {
        "centre": 29,
        "metadata_format": 1,
        "web_services_set": "",
        "web_services_type": "REST",
        "uri": "https://repo.clarino.uib.no/oai/request",
        "note": ""
    }
},
{
    "model": "centre_registry.oaipmhendpoint",
    "pk": 30,
    "fields": {
        "centre": 33,
        "metadata_format": 2,
        "web_services_set": "",
        "web_services_type": "REST",
        "uri": "http://cocoon.huma-num.fr/crdo_servlet/oai-pmh",
        "note": ""
    }
},
{
    "model": "centre_registry.oaipmhendpoint",
    "pk": 31,
    "fields": {
        "centre": 29,
        "metadata_format": 1,
        "web_services_set": "",
        "web_services_type": "REST",
        "uri": "http://clarino.uib.no/oai",
        "note": ""
    }
},
{
    "model": "centre_registry.oaipmhendpoint",
    "pk": 32,
    "fields": {
        "centre": 34,
        "metadata_format": 1,
        "web_services_set": "hdl_000-c0-111_78",
        "web_services_type": "WebLicht",
        "uri": "http://dspace-clarin-it.ilc.cnr.it/repository/oai/request",
        "note": ""
    }
},
{
    "model": "centre_registry.oaipmhendpoint",
    "pk": 33,
    "fields": {
        "centre": 36,
        "metadata_format": 1,
        "web_services_set": "",
        "web_services_type": "REST",
        "uri": "https://clarin.vdu.lt/oai/request",
        "note": ""
    }
},
{
    "model": "centre_registry.oaipmhendpoint",
    "pk": 34,
    "fields": {
        "centre": 37,
        "metadata_format": 1,
        "web_services_set": "",
        "web_services_type": "REST",
        "uri": "https://repo.spraakbanken.gu.se/oai/request",
        "note": ""
    }
},
{
    "model": "centre_registry.oaipmhendpoint",
    "pk": 35,
    "fields": {
        "centre": 38,
        "metadata_format": 1,
        "web_services_set": "",
        "web_services_type": "REST",
        "uri": "http://polmine.sowi.uni-due.de:8080/oai/provider",
        "note": ""
    }
},
{
    "model": "centre_registry.oaipmhendpoint",
    "pk": 36,
    "fields": {
        "centre": 35,
        "metadata_format": 1,
        "web_services_set": "",
        "web_services_type": "REST",
        "uri": "https://oai.cedifor.de/",
        "note": ""
    }
},
{
    "model": "centre_registry.oaipmhendpoint",
    "pk": 37,
    "fields": {
        "centre": 23,
        "metadata_format": 1,
        "web_services_set": "",
        "web_services_type": "REST",
        "uri": "https://www.meertens.knaw.nl/flat/oai2",
        "note": ""
    }
},
{
    "model": "centre_registry.oaipmhendpoint",
    "pk": 38,
    "fields": {
        "centre": 40,
        "metadata_format": 1,
        "web_services_set": "",
        "web_services_type": "REST",
        "uri": "http://clst.science.ru.nl/oai/provider",
        "note": ""
    }
},
{
    "model": "centre_registry.oaipmhendpoint",
    "pk": 39,
    "fields": {
        "centre": 43,
        "metadata_format": 1,
        "web_services_set": "",
        "web_services_type": "REST",
        "uri": "http://tekstlab.uio.no/oai",
        "note": ""
    }
},
{
    "model": "centre_registry.oaipmhendpoint",
    "pk": 40,
    "fields": {
        "centre": 45,
        "metadata_format": 1,
        "web_services_set": "",
        "web_services_type": "REST",
        "uri": "http://arche.acdh.oeaw.ac.at/oai",
        "note": ""
    }
},
{
    "model": "centre_registry.oaipmhendpoint",
    "pk": 41,
    "fields": {
        "centre": 47,
        "metadata_format": 1,
        "web_services_set": "",
        "web_services_type": "REST",
        "uri": "https://grails-prod.rrz.uni-koeln.de/ka3-a5-core/api/oai/lac",
        "note": ""
    }
},
{
    "model": "centre_registry.oaipmhendpoint",
    "pk": 42,
    "fields": {
        "centre": 49,
        "metadata_format": 1,
        "web_services_set": "",
        "web_services_type": "REST",
        "uri": "https://clarin.eurac.edu/repository/oai/request",
        "note": ""
    }
},
{
    "model": "centre_registry.oaipmhendpoint",
    "pk": 43,
    "fields": {
        "centre": 14,
        "metadata_format": 1,
        "web_services_set": "",
        "web_services_type": "REST",
        "uri": "http://repository.clarin.dk/repository/oai/request",
        "note": ""
    }
},
{
    "model": "centre_registry.oaipmhendpoint",
    "pk": 44,
    "fields": {
        "centre": 50,
        "metadata_format": 1,
        "web_services_set": "",
        "web_services_type": "REST",
        "uri": "https://portulanclarin.net/repository/oaipmh/",
        "note": ""
    }
},
{
    "model": "centre_registry.oaipmhendpoint",
    "pk": 45,
    "fields": {
        "centre": 44,
        "metadata_format": 3,
        "web_services_set": "",
        "web_services_type": "REST",
        "uri": "http://phonotheque.mmsh.huma-num.fr/oai/provider",
        "note": ""
    }
},
{
    "model": "centre_registry.oaipmhendpoint",
    "pk": 46,
    "fields": {
        "centre": 58,
        "metadata_format": 1,
        "web_services_set": "",
        "web_services_type": "REST",
        "uri": "https://repo.sadilar.org/oai/request",
        "note": ""
    }
},
{
    "model": "centre_registry.oaipmhendpoint",
    "pk": 47,
    "fields": {
        "centre": 60,
        "metadata_format": 1,
        "web_services_set": "",
        "web_services_type": "REST",
        "uri": "http://worldviews.gei.de/oai",
        "note": ""
    }
},
{
    "model": "centre_registry.oaipmhendpoint",
    "pk": 48,
    "fields": {
        "centre": 62,
        "metadata_format": 3,
        "web_services_set": "",
        "web_services_type": "REST",
        "uri": "https://repository.de.dariah.eu/1.0/oaipmh/oai",
        "note": ""
    }
},
{
    "model": "centre_registry.fcsendpoint",
    "pk": 1,
    "fields": {
        "centre": 1,
        "uri": "http://weblicht.sfs.uni-tuebingen.de/rws/sru/",
        "note": ""
    }
},
{
    "model": "centre_registry.fcsendpoint",
    "pk": 3,
    "fields": {
        "centre": 3,
        "uri": "http://lindat.mff.cuni.cz/services/fcs-kontext",
        "note": ""
    }
},
{
    "model": "centre_registry.fcsendpoint",
    "pk": 4,
    "fields": {
        "centre": 3,
        "uri": "http://lindat.mff.cuni.cz/services/fcs-bonito",
        "note": ""
    }
},
{
    "model": "centre_registry.fcsendpoint",
    "pk": 5,
    "fields": {
        "centre": 4,
        "uri": "https://clarinws.informatik.uni-leipzig.de/CQL",
        "note": ""
    }
},
{
    "model": "centre_registry.fcsendpoint",
    "pk": 6,
    "fields": {
        "centre": 5,
        "uri": "https://clarin.phonetik.uni-muenchen.de/BASSRU/",
        "note": ""
    }
},
{
    "model": "centre_registry.fcsendpoint",
    "pk": 7,
    "fields": {
        "centre": 6,
        "uri": "http://dspin.dwds.de:8088/ddc-sru/dingler/",
        "note": ""
    }
},
{
    "model": "centre_registry.fcsendpoint",
    "pk": 8,
    "fields": {
        "centre": 6,
        "uri": "http://dspin.dwds.de:8088/ddc-sru/c4/",
        "note": ""
    }
},
{
    "model": "centre_registry.fcsendpoint",
    "pk": 9,
    "fields": {
        "centre": 6,
        "uri": "http://dspin.dwds.de:8088/ddc-sru/dta/",
        "note": ""
    }
},
{
    "model": "centre_registry.fcsendpoint",
    "pk": 10,
    "fields": {
        "centre": 9,
        "uri": "http://corpora.uni-hamburg.de:8080/HZSKsru/",
        "note": ""
    }
},
{
    "model": "centre_registry.fcsendpoint",
    "pk": 11,
    "fields": {
        "centre": 10,
        "uri": "http://clarin01.ims.uni-stuttgart.de/SRUCQIBridge",
        "note": ""
    }
},
{
    "model": "centre_registry.fcsendpoint",
    "pk": 12,
    "fields": {
        "centre": 11,
        "uri": "http://clarin.ids-mannheim.de/cosmassru",
        "note": ""
    }
},
{
    "model": "centre_registry.fcsendpoint",
    "pk": 13,
    "fields": {
        "centre": 11,
        "uri": "http://clarin.ids-mannheim.de/digibibsru",
        "note": ""
    }
},
{
    "model": "centre_registry.fcsendpoint",
    "pk": 14,
    "fields": {
        "centre": 11,
        "uri": "http://clarin.ids-mannheim.de/korapsru",
        "note": ""
    }
},
{
    "model": "centre_registry.fcsendpoint",
    "pk": 15,
    "fields": {
        "centre": 13,
        "uri": "http://fedora.clarin-d.uni-saarland.de/sru/",
        "note": ""
    }
},
{
    "model": "centre_registry.fcsendpoint",
    "pk": 16,
    "fields": {
        "centre": 13,
        "uri": "http://fedora.clarin-d.uni-saarland.de/sru2/",
        "note": ""
    }
},
{
    "model": "centre_registry.fcsendpoint",
    "pk": 17,
    "fields": {
        "centre": 13,
        "uri": "http://fedora.clarin-d.uni-saarland.de/sru3/",
        "note": ""
    }
},
{
    "model": "centre_registry.fcsendpoint",
    "pk": 21,
    "fields": {
        "centre": 25,
        "uri": "http://fcs.clarin-pl.eu/bonito/run.cgi/fcs",
        "note": ""
    }
},
{
    "model": "centre_registry.fcsendpoint",
    "pk": 22,
    "fields": {
        "centre": 22,
        "uri": "https://portal.clarin.inl.nl/fcscorpora/clariah-fcs-endpoints/sru",
        "note": ""
    }
},
{
    "model": "centre_registry.fcsendpoint",
    "pk": 23,
    "fields": {
        "centre": 22,
        "uri": "http://gysseling.corpus.taalbanknederlands.inl.nl/gyssru/",
        "note": ""
    }
},
{
    "model": "centre_registry.fcsendpoint",
    "pk": 24,
    "fields": {
        "centre": 6,
        "uri": "http://dspin.dwds.de:8088/ddc-sru/kern/",
        "note": ""
    }
},
{
    "model": "centre_registry.fcsendpoint",
    "pk": 25,
    "fields": {
        "centre": 6,
        "uri": "http://dspin.dwds.de:8088/ddc-sru/bz/",
        "note": ""
    }
},
{
    "model": "centre_registry.fcsendpoint",
    "pk": 26,
    "fields": {
        "centre": 6,
        "uri": "http://dspin.dwds.de:8088/ddc-sru/tagesspiegel/",
        "note": ""
    }
},
{
    "model": "centre_registry.fcsendpoint",
    "pk": 27,
    "fields": {
        "centre": 13,
        "uri": "http://fedora.clarin-d.uni-saarland.de/sru4/",
        "note": ""
    }
},
{
    "model": "centre_registry.fcsendpoint",
    "pk": 28,
    "fields": {
        "centre": 37,
        "uri": "https://spraakbanken.gu.se/ws/fcs/2.0/endpoint/korp/sru",
        "note": ""
    }
},
{
    "model": "centre_registry.fcsendpoint",
    "pk": 29,
    "fields": {
        "centre": 13,
        "uri": "http://fedora.clarin-d.uni-saarland.de/sru5/",
        "note": ""
    }
},
{
    "model": "centre_registry.fcsendpoint",
    "pk": 30,
    "fields": {
        "centre": 6,
        "uri": "http://dspin.dwds.de:8088/ddc-sru/rem/",
        "note": ""
    }
},
{
    "model": "centre_registry.fcsendpoint",
    "pk": 31,
    "fields": {
        "centre": 6,
        "uri": "http://dspin.dwds.de:8088/ddc-sru/dchat/",
        "note": ""
    }
},
{
    "model": "centre_registry.fcsendpoint",
    "pk": 32,
    "fields": {
        "centre": 6,
        "uri": "http://dspin.dwds.de:8088/ddc-sru/grenzboten/",
        "note": ""
    }
},
{
    "model": "centre_registry.fcsendpoint",
    "pk": 33,
    "fields": {
        "centre": 13,
        "uri": "http://fedora.clarin-d.uni-saarland.de/sru6/",
        "note": ""
    }
},
{
    "model": "centre_registry.fcsendpoint",
    "pk": 34,
    "fields": {
        "centre": 51,
        "uri": "https://kontext.korpus.cz/fcs/v1",
        "note": ""
    }
},
{
    "model": "centre_registry.fcsendpoint",
    "pk": 35,
    "fields": {
        "centre": 11,
        "uri": "https://clarin.ids-mannheim.de/dgdsru",
        "note": ""
    }
},
{
    "model": "centre_registry.fcsendpoint",
    "pk": 36,
    "fields": {
        "centre": 14,
        "uri": "https://alf.hum.ku.dk/korp/fcs/2.0/endpoint/sru",
        "note": ""
    }
},
{
    "model": "centre_registry.fcsendpoint",
    "pk": 37,
    "fields": {
        "centre": 34,
        "uri": "http://ilc4clarin.ilc.cnr.it/fcs-korp-ep/sru",
        "note": ""
    }
},
{
    "model": "centre_registry.samlserviceprovider",
    "pk": 1,
    "fields": {
        "entity_id": "https://weblicht.sfs.uni-tuebingen.de",
        "centre": 1,
        "status_url": "https://weblicht.sfs.uni-tuebingen.de/Shibboleth.sso/Status",
        "production_status": true,
        "note": ""
    }
},
{
    "model": "centre_registry.samlserviceprovider",
    "pk": 2,
    "fields": {
        "entity_id": "http://sp.lat.csc.fi",
        "centre": 17,
        "status_url": "https://lat.csc.fi/Shibboleth.sso/Status",
        "production_status": true,
        "note": ""
    }
},
{
    "model": "centre_registry.samlserviceprovider",
    "pk": 3,
    "fields": {
        "entity_id": "https://clarin.ids-mannheim.de/shibboleth",
        "centre": 11,
        "status_url": "https://clarin.ids-mannheim.de/Shibboleth.sso/Status",
        "production_status": true,
        "note": ""
    }
},
{
    "model": "centre_registry.samlserviceprovider",
    "pk": 4,
    "fields": {
        "entity_id": "https://clarin.oeaw.ac.at/shibboleth",
        "centre": 45,
        "status_url": "https://clarin.oeaw.ac.at/Shibboleth.sso/Status",
        "production_status": true,
        "note": ""
    }
},
{
    "model": "centre_registry.samlserviceprovider",
    "pk": 5,
    "fields": {
        "entity_id": "https://clarin.phonetik.uni-muenchen.de",
        "centre": 5,
        "status_url": "https://clarin.phonetik.uni-muenchen.de/Shibboleth.sso/Status",
        "production_status": true,
        "note": ""
    }
},
{
    "model": "centre_registry.samlserviceprovider",
    "pk": 6,
    "fields": {
        "entity_id": "https://ekrksso.keeleressursid.ee/simplesaml/module.php/saml/sp/metadata.php/ekrk-sp",
        "centre": 15,
        "status_url": "https://ekrksso.keeleressursid.ee/simplesaml/module.php/sanitycheck/index.php",
        "production_status": true,
        "note": ""
    }
},
{
    "model": "centre_registry.samlserviceprovider",
    "pk": 7,
    "fields": {
        "entity_id": "https://infra.clarin.dk/shibboleth",
        "centre": 14,
        "status_url": "https://infra.clarin.dk/Shibboleth.sso/Status",
        "production_status": true,
        "note": ""
    }
},
{
    "model": "centre_registry.samlserviceprovider",
    "pk": 8,
    "fields": {
        "entity_id": "https://openskos.meertens.knaw.nl/shibboleth",
        "centre": 23,
        "status_url": "https://openskos.meertens.knaw.nl/Shibboleth.sso/Status",
        "production_status": true,
        "note": ""
    }
},
{
    "model": "centre_registry.samlserviceprovider",
    "pk": 9,
    "fields": {
        "entity_id": "https://portal.clarin.inl.nl/",
        "centre": 22,
        "status_url": "https://portal.clarin.inl.nl/Shibboleth.sso/Status",
        "production_status": true,
        "note": ""
    }
},
{
    "model": "centre_registry.samlserviceprovider",
    "pk": 10,
    "fields": {
        "entity_id": "https://repos.ids-mannheim.de/shibboleth",
        "centre": 11,
        "status_url": "https://repos.ids-mannheim.de/Shibboleth.sso/Status",
        "production_status": true,
        "note": ""
    }
},
{
    "model": "centre_registry.samlserviceprovider",
    "pk": 11,
    "fields": {
        "entity_id": "https://secure.huygens.knaw.nl",
        "centre": 21,
        "status_url": "",
        "production_status": true,
        "note": ""
    }
},
{
    "model": "centre_registry.samlserviceprovider",
    "pk": 12,
    "fields": {
        "entity_id": "https://shibboleth.bbaw.de/shibboleth",
        "centre": 6,
        "status_url": "https://shibboleth.bbaw.de/Shibboleth.sso/Status",
        "production_status": true,
        "note": ""
    }
},
{
    "model": "centre_registry.samlserviceprovider",
    "pk": 13,
    "fields": {
        "entity_id": "https://sp.catalog.clarin.eu",
        "centre": 24,
        "status_url": "https://catalog.clarin.eu/Shibboleth.sso/Status",
        "production_status": true,
        "note": ""
    }
},
{
    "model": "centre_registry.samlserviceprovider",
    "pk": 15,
    "fields": {
        "entity_id": "https://sp.korp.csc.fi/",
        "centre": 17,
        "status_url": "https://korp.csc.fi/Shibboleth.sso/Status",
        "production_status": true,
        "note": ""
    }
},
{
    "model": "centre_registry.samlserviceprovider",
    "pk": 17,
    "fields": {
        "entity_id": "https://talkbank.talkbank.org/shibboleth",
        "centre": 18,
        "status_url": "https://talkbank.talkbank.org/Shibboleth.sso/Status",
        "production_status": true,
        "note": ""
    }
},
{
    "model": "centre_registry.samlserviceprovider",
    "pk": 18,
    "fields": {
        "entity_id": "https://ufal-point.mff.cuni.cz/shibboleth/eduid/sp",
        "centre": 3,
        "status_url": "https://lindat.mff.cuni.cz/secure/shib_test.pl",
        "production_status": true,
        "note": ""
    }
},
{
    "model": "centre_registry.samlserviceprovider",
    "pk": 19,
    "fields": {
        "entity_id": "https://www.meertens.knaw.nl/Shibboleth.sso/Metadata",
        "centre": 23,
        "status_url": "https://www.meertens.knaw.nl/Shibboleth.sso/Status",
        "production_status": true,
        "note": ""
    }
},
{
    "model": "centre_registry.samlserviceprovider",
    "pk": 21,
    "fields": {
        "entity_id": "http://sp.vs1.corpora.uni-hamburg.de",
        "centre": 9,
        "status_url": "https://corpora.uni-hamburg.de/Shibboleth.sso/Status",
        "production_status": true,
        "note": ""
    }
},
{
    "model": "centre_registry.samlserviceprovider",
    "pk": 22,
    "fields": {
        "entity_id": "https://childes.talkbank.org/shibboleth",
        "centre": 18,
        "status_url": "",
        "production_status": true,
        "note": ""
    }
},
{
    "model": "centre_registry.samlserviceprovider",
    "pk": 23,
    "fields": {
        "entity_id": "https://sp.clarin.si/",
        "centre": 30,
        "status_url": "https://www.clarin.si/Shibboleth.sso/Status",
        "production_status": true,
        "note": ""
    }
},
{
    "model": "centre_registry.samlserviceprovider",
    "pk": 24,
    "fields": {
        "entity_id": "http://www.clarin-pl.eu/shibboleth",
        "centre": 25,
        "status_url": "https://clarin-pl.eu/shibboleth/Shibboleth.sso/Status",
        "production_status": true,
        "note": ""
    }
},
{
    "model": "centre_registry.samlserviceprovider",
    "pk": 25,
    "fields": {
        "entity_id": "https://clarino.uib.no/",
        "centre": 29,
        "status_url": "",
        "production_status": true,
        "note": ""
    }
},
{
    "model": "centre_registry.samlserviceprovider",
    "pk": 26,
    "fields": {
        "entity_id": "https://lbr.csc.fi/shibboleth",
        "centre": 17,
        "status_url": "",
        "production_status": true,
        "note": ""
    }
},
{
    "model": "centre_registry.samlserviceprovider",
    "pk": 27,
    "fields": {
        "entity_id": "https://www.nederlab.nl/shibboleth",
        "centre": 23,
        "status_url": "https://www.nederlab.nl/Shibboleth.sso/Status",
        "production_status": true,
        "note": ""
    }
},
{
    "model": "centre_registry.samlserviceprovider",
    "pk": 28,
    "fields": {
        "entity_id": "https://repo.clarino.uib.no/shibboleth/sp",
        "centre": 29,
        "status_url": "https://repo.clarino.uib.no/Shibboleth.sso/Status",
        "production_status": true,
        "note": ""
    }
},
{
    "model": "centre_registry.samlserviceprovider",
    "pk": 29,
    "fields": {
        "entity_id": "https://webanno.sfs.uni-tuebingen.de",
        "centre": 1,
        "status_url": "",
        "production_status": true,
        "note": ""
    }
},
{
    "model": "centre_registry.samlserviceprovider",
    "pk": 30,
    "fields": {
        "entity_id": "https://lap.clarino.uio.no/simplesaml/module.php/saml/sp/metadata.php/default-sp",
        "centre": 31,
        "status_url": "",
        "production_status": true,
        "note": ""
    }
},
{
    "model": "centre_registry.samlserviceprovider",
    "pk": 31,
    "fields": {
        "entity_id": "https://sp.clarin.vdu.lt",
        "centre": 36,
        "status_url": "",
        "production_status": true,
        "note": ""
    }
},
{
    "model": "centre_registry.samlserviceprovider",
    "pk": 33,
    "fields": {
        "entity_id": "https://tekstlab.uio.no/glossa2/saml/metadata",
        "centre": 43,
        "status_url": "",
        "production_status": true,
        "note": ""
    }
},
{
    "model": "centre_registry.samlserviceprovider",
    "pk": 34,
    "fields": {
        "entity_id": "https://sp.spraakbanken.gu.se/shibboleth/clarin",
        "centre": 37,
        "status_url": "",
        "production_status": true,
        "note": ""
    }
},
{
    "model": "centre_registry.samlserviceprovider",
    "pk": 35,
    "fields": {
        "entity_id": "https://dspace-clarin-it.ilc.cnr.it/Shibboleth.sso/Metadata",
        "centre": 34,
        "status_url": "https://dspace-clarin-it.ilc.cnr.it/secure/shib_test.pl",
        "production_status": true,
        "note": ""
    }
},
{
    "model": "centre_registry.samlserviceprovider",
    "pk": 36,
    "fields": {
        "entity_id": "https://sp.mpi.nl",
        "centre": 24,
        "status_url": "https://sp.mpi.nl/Shibboleth.sso/Status",
        "production_status": true,
        "note": ""
    }
},
{
    "model": "centre_registry.samlserviceprovider",
    "pk": 37,
    "fields": {
        "entity_id": "https://archive.mpi.nl",
        "centre": 24,
        "status_url": "https://archive.mpi.nl/Shibboleth.sso/Status",
        "production_status": true,
        "note": ""
    }
},
{
    "model": "centre_registry.samlserviceprovider",
    "pk": 38,
    "fields": {
        "entity_id": "https://redmine.acdh.oeaw.ac.at/shibboleth",
        "centre": 45,
        "status_url": "https://redmine.acdh.oeaw.ac.at/Shibboleth.sso/Status",
        "production_status": true,
        "note": ""
    }
},
{
    "model": "centre_registry.samlserviceprovider",
    "pk": 39,
    "fields": {
        "entity_id": "https://arche.acdh.oeaw.ac.at/shibboleth",
        "centre": 45,
        "status_url": "https://arche.acdh.oeaw.ac.at/Shibboleth.sso/Status",
        "production_status": true,
        "note": ""
    }
},
{
    "model": "centre_registry.samlserviceprovider",
    "pk": 40,
    "fields": {
        "entity_id": "https://acdh.oeaw.ac.at/shibboleth",
        "centre": 45,
        "status_url": "https://acdh.oeaw.ac.at/Shibboleth.sso/Status",
        "production_status": true,
        "note": ""
    }
},
{
    "model": "centre_registry.samlserviceprovider",
    "pk": 41,
    "fields": {
        "entity_id": "https://teach.dariah.eu/shibboleth",
        "centre": 45,
        "status_url": "https://teach.dariah.eu/Shibboleth.sso/Status",
        "production_status": true,
        "note": ""
    }
},
{
    "model": "centre_registry.samlserviceprovider",
    "pk": 42,
    "fields": {
        "entity_id": "https://registries.clarin-dariah.eu/shibboleth",
        "centre": 45,
        "status_url": "https://registries.clarin-dariah.eu/Shibboleth.sso/Status",
        "production_status": true,
        "note": ""
    }
},
{
    "model": "centre_registry.samlserviceprovider",
    "pk": 43,
    "fields": {
        "entity_id": "https://b2access.eudat.eu:8443/unitygw/saml-sp-metadata",
        "centre": 7,
        "status_url": "",
        "production_status": false,
        "note": ""
    }
},
{
    "model": "centre_registry.samlserviceprovider",
    "pk": 44,
    "fields": {
        "entity_id": "https://clarin.eurac.edu/Shibboleth.sso/Metadata",
        "centre": 49,
        "status_url": "",
        "production_status": true,
        "note": ""
    }
},
{
    "model": "centre_registry.samlserviceprovider",
    "pk": 47,
    "fields": {
        "entity_id": "https://repository.clarin.dk/shibboleth",
        "centre": 14,
        "status_url": "",
        "production_status": true,
        "note": ""
    }
},
{
    "model": "centre_registry.samlserviceprovider",
    "pk": 48,
    "fields": {
        "entity_id": "https://delt.acdh.oeaw.ac.at/shibboleth",
        "centre": 45,
        "status_url": "https://delt.acdh.oeaw.ac.at/Shibboleth.sso/Status",
        "production_status": true,
        "note": ""
    }
},
{
    "model": "centre_registry.samlserviceprovider",
    "pk": 49,
    "fields": {
        "entity_id": "https://ka3.uni-koeln.de",
        "centre": 47,
        "status_url": "",
        "production_status": true,
        "note": ""
    }
},
{
    "model": "centre_registry.samlserviceprovider",
    "pk": 50,
    "fields": {
        "entity_id": "https://sp.opensonar.cls.ru.nl/shibboleth",
        "centre": 40,
        "status_url": "https://opensonarplus.cls.ru.nl/Shibboleth.sso/Status",
        "production_status": true,
        "note": ""
    }
},
{
    "model": "centre_registry.samlserviceprovider",
    "pk": 51,
    "fields": {
        "entity_id": "https://sp.onderzoek.zoeken.fame.frl/shibboleth",
        "centre": 40,
        "status_url": "https://onderzoek.zoeken.fame.frl/Shibboleth.sso/Status",
        "production_status": true,
        "note": ""
    }
},
{
    "model": "centre_registry.samlserviceprovider",
    "pk": 52,
    "fields": {
        "entity_id": "https://sp.www.kielipankki.fi",
        "centre": 17,
        "status_url": "",
        "production_status": true,
        "note": ""
    }
},
{
    "model": "centre_registry.samlserviceprovider",
    "pk": 53,
    "fields": {
        "entity_id": "https://sp.vcr.clarin.eu",
        "centre": 11,
        "status_url": "",
        "production_status": true,
        "note": ""
    }
},
{
    "model": "centre_registry.samlserviceprovider",
    "pk": 54,
    "fields": {
        "entity_id": "https://authentication.clariah.nl/Saml2/proxy_saml2_backend.xml",
        "centre": 23,
        "status_url": "",
        "production_status": true,
        "note": ""
    }
},
{
    "model": "centre_registry.samlserviceprovider",
    "pk": 55,
    "fields": {
        "entity_id": "https://sp.ota.ox.ac.uk/shibboleth",
        "centre": 26,
        "status_url": "",
        "production_status": true,
        "note": ""
    }
},
{
    "model": "centre_registry.samlidentityfederation",
    "pk": 1,
    "fields": {
        "shorthand": "DFN-AAI",
        "information_url": "https://www.aai.dfn.de/teilnahme/metadaten/",
        "saml_metadata_url": "https://www.aai.dfn.de/fileadmin/metadata/dfn-aai-basic-metadata.xml",
        "signing_key": ""
    }
},
{
    "model": "centre_registry.samlidentityfederation",
    "pk": 3,
    "fields": {
        "shorthand": "SURFconext",
        "information_url": "https://wiki.surfnet.nl/display/surfconextdev/Get+Conexted",
        "saml_metadata_url": "https://engine.surfconext.nl/authentication/proxy/idps-metadata",
        "signing_key": "                        MIID3zCCAsegAwIBAgIJAMVC9xn1ZfsuMA0GCSqGSIb3DQEBCwUAMIGFMQswCQYD\r\n                        VQQGEwJOTDEQMA4GA1UECAwHVXRyZWNodDEQMA4GA1UEBwwHVXRyZWNodDEVMBMG\r\n                        A1UECgwMU1VSRm5ldCBCLlYuMRMwEQYDVQQLDApTVVJGY29uZXh0MSYwJAYDVQQD\r\n                        DB1lbmdpbmUuc3VyZmNvbmV4dC5ubCAyMDE0MDUwNTAeFw0xNDA1MDUxNDIyMzVa\r\n                        Fw0xOTA1MDUxNDIyMzVaMIGFMQswCQYDVQQGEwJOTDEQMA4GA1UECAwHVXRyZWNo\r\n                        dDEQMA4GA1UEBwwHVXRyZWNodDEVMBMGA1UECgwMU1VSRm5ldCBCLlYuMRMwEQYD\r\n                        VQQLDApTVVJGY29uZXh0MSYwJAYDVQQDDB1lbmdpbmUuc3VyZmNvbmV4dC5ubCAy\r\n                        MDE0MDUwNTCCASIwDQYJKoZIhvcNAQEBBQADggEPADCCAQoCggEBAKthMDbB0jKH\r\n                        efPzmRu9t2h7iLP4wAXr42bHpjzTEk6gttHFb4l/hFiz1YBI88TjiH6hVjnozo/Y\r\n                        HA2c51us+Y7g0XoS7653lbUN/EHzvDMuyis4Xi2Ijf1A/OUQfH1iFUWttIgtWK9+\r\n                        fatXoGUS6tirQvrzVh6ZstEp1xbpo1SF6UoVl+fh7tM81qz+Crr/Kroan0UjpZOF\r\n                        TwxPoK6fdLgMAieKSCRmBGpbJHbQ2xxbdykBBrBbdfzIX4CDepfjE9h/40ldw5jR\r\n                        n3e392jrS6htk23N9BWWrpBT5QCk0kH3h/6F1Dm6TkyG9CDtt73/anuRkvXbeygI\r\n                        4wml9bL3rE8CAwEAAaNQME4wHQYDVR0OBBYEFD+Ac7akFxaMhBQAjVfvgGfY8hNK\r\n                        MB8GA1UdIwQYMBaAFD+Ac7akFxaMhBQAjVfvgGfY8hNKMAwGA1UdEwQFMAMBAf8w\r\n                        DQYJKoZIhvcNAQELBQADggEBAC8L9D67CxIhGo5aGVu63WqRHBNOdo/FAGI7LURD\r\n                        FeRmG5nRw/VXzJLGJksh4FSkx7aPrxNWF1uFiDZ80EuYQuIv7bDLblK31ZEbdg1R\r\n                        9LgiZCdYSr464I7yXQY9o6FiNtSKZkQO8EsscJPPy/Zp4uHAnADWACkOUHiCbcKi\r\n                        UUFu66dX0Wr/v53Gekz487GgVRs8HEeT9MU1reBKRgdENR8PNg4rbQfLc3YQKLWK\r\n                        7yWnn/RenjDpuCiePj8N8/80tGgrNgK/6fzM3zI18sSywnXLswxqDb/J+jgVxnQ6\r\n                        MrsTf1urM8MnfcxG/82oHIwfMh/sXPCZpo+DTLkhQxctJ3M="
    }
},
{
    "model": "centre_registry.samlidentityfederation",
    "pk": 6,
    "fields": {
        "shorthand": "Belnet",
        "information_url": "http://federation.belnet.be/",
        "saml_metadata_url": "https://federation.belnet.be/federation-metadata.xml",
        "signing_key": "MIIElDCCA3ygAwIBAgIQIC4kyLfZZL8i5AbFSxFvHzANBgkqhkiG9w0BAQUFADA2MQswCQYDVQQG\r\n                        EwJOTDEPMA0GA1UEChMGVEVSRU5BMRYwFAYDVQQDEw1URVJFTkEgU1NMIENBMB4XDTEzMDcwOTAw\r\n                        MDAwMFoXDTE2MDcwODIzNTk1OVowQjEhMB8GA1UECxMYRG9tYWluIENvbnRyb2wgVmFsaWRhdGVk\r\n                        MR0wGwYDVQQDExRmZWRlcmF0aW9uLmJlbG5ldC5iZTCCASIwDQYJKoZIhvcNAQEBBQADggEPADCC\r\n                        AQoCggEBALiAxOTbzwQzsgyAT0MonwCDYwww/N/symDoHGVwIKN3xyZC+YZiiPF+agZAMAT+rOa0\r\n                        BfyzDnjeplX+hsXtyjmo1c4xarrX/YmYzCEPpj0kkoAc4TaIxBnYcsfKD2Y1BY8B4kUuQeqf8Srq\r\n                        xI9FkSTte8dU170Qcd35TUPErqJHG3FT0ylDDL1N+utrExWf5VugEySkAeNpOBpDd4CJZkUqmCeg\r\n                        9H4DW9GaKjQpJ0ABbuQN0tj9ootCt+Cayg13sXnkay4k+xHzaze3nth7MlKFNgnFA7QM77pthUYu\r\n                        /b6/Ogia+dI3q/IWPjyFR62NccicCZp5CvYaGCKNjsGYAzUCAwEAAaOCAZAwggGMMB8GA1UdIwQY\r\n                        MBaAFAy9k2gM896ro0lrKzdXR+qQ47ntMB0GA1UdDgQWBBTm+NTk29Gtc7F5s+lr+qa6i7AZsjAO\r\n                        BgNVHQ8BAf8EBAMCBaAwDAYDVR0TAQH/BAIwADAdBgNVHSUEFjAUBggrBgEFBQcDAQYIKwYBBQUH\r\n                        AwIwIgYDVR0gBBswGTANBgsrBgEEAbIxAQICHTAIBgZngQwBAgEwOgYDVR0fBDMwMTAvoC2gK4Yp\r\n                        aHR0cDovL2NybC50Y3MudGVyZW5hLm9yZy9URVJFTkFTU0xDQS5jcmwwbQYIKwYBBQUHAQEEYTBf\r\n                        MDUGCCsGAQUFBzAChilodHRwOi8vY3J0LnRjcy50ZXJlbmEub3JnL1RFUkVOQVNTTENBLmNydDAm\r\n                        BggrBgEFBQcwAYYaaHR0cDovL29jc3AudGNzLnRlcmVuYS5vcmcwPgYDVR0RBDcwNYIUZmVkZXJh\r\n                        dGlvbi5iZWxuZXQuYmWCHWZlZGVyYXRpb24tbWV0YWRhdGEuYmVsbmV0LmJlMA0GCSqGSIb3DQEB\r\n                        BQUAA4IBAQC8ocXLZFAw4N24N7Avh9DjKPq7pdh6GUSTCodcfOwmmn8yhjAh3Dfr5eXgWJ3+zXou\r\n                        spLlJ4CVHLmqJLAKv76zsgmDmOuExGYFQC8Y0ma6LUwBxFyGpL3wHzGEJRHy0khcn3ABCNVtw9tq\r\n                        sSecYvY8DLLKma1S05R742bnZFYEa9u//FAPwG/1EbIX07/OYS8FKFfibdTdQ9MhRAnIi6N9UyBF\r\n                        +3WFj63qfFd+sPGKsZxfDeuVOd9i790MMVOZQh4OCTO3qW2lRCG2cbBEsVhRzbMxbHhYxfbtjpSg\r\n                        QE8OgDPGwLNLqjCXsTDMzerLA/iovIqvVt7sMil7DA5fuPYX"
    }
},
{
    "model": "centre_registry.samlidentityfederation",
    "pk": 8,
    "fields": {
        "shorthand": "CLARIN IdP",
        "information_url": "http://www.clarin.eu/content/clarin-identity-provider",
        "saml_metadata_url": "https://infra.clarin.eu/aai/md_about_spf_sps.xml",
        "signing_key": "MIIEaTCCA1GgAwIBAgIJAI/0goemXhcPMA0GCSqGSIb3DQEBDQUAMIHKMQswCQYD\r\nVQQGEwJFVTEQMA4GA1UECAwHVXRyZWNodDEQMA4GA1UEBwwHVXRyZWNodDEUMBIG\r\nA1UECgwLQ0xBUklOIEVSSUMxJDAiBgNVBAsMG1NlcnZpY2UgUHJvdmlkZXIgRmVk\r\nZXJhdGlvbjE9MDsGA1UEAww0U2VydmljZSBQcm92aWRlciBGZWRlcmF0aW9uIFNB\r\nTUwgYmF0Y2hlcyBzaWduaW5nIGtleTEcMBoGCSqGSIb3DQEJARYNc3BmQGNsYXJp\r\nbi5ldTAeFw0xNTAzMjcxNTM2NDZaFw0yMDAyMDkxNTM2NDZaMIHKMQswCQYDVQQG\r\nEwJFVTEQMA4GA1UECAwHVXRyZWNodDEQMA4GA1UEBwwHVXRyZWNodDEUMBIGA1UE\r\nCgwLQ0xBUklOIEVSSUMxJDAiBgNVBAsMG1NlcnZpY2UgUHJvdmlkZXIgRmVkZXJh\r\ndGlvbjE9MDsGA1UEAww0U2VydmljZSBQcm92aWRlciBGZWRlcmF0aW9uIFNBTUwg\r\nYmF0Y2hlcyBzaWduaW5nIGtleTEcMBoGCSqGSIb3DQEJARYNc3BmQGNsYXJpbi5l\r\ndTCCASIwDQYJKoZIhvcNAQEBBQADggEPADCCAQoCggEBAOBJHi7Eg0PqE889KoM8\r\nsesECK+NfR4asIWRXaayv13UceU6nODaREZX5jjr79gM5jILsnt2y71jVJl2QF8C\r\nO753vsvQdHF9BNqHv+zqvbX5rb+sT98LYJmPUO7hx9WVMM/p8CrIVQuV+Agvl6XS\r\n7Cbot2XzUP3ZYqNcYoGHDj0hxKsvAFOZfsMIgyJL8J9KS7OrmcpzSji4bTOzWdqu\r\nl+mgKUdsrPn9fzY6lHGohihnCNdzbIKetBJavFACuoeeHyr8JKDbyTt85sh0jbZV\r\nj8pmixA/789asVZt0OX5nzJYonlr80WvtvuAhtV6IV3wVPGWxJMyspHCiZ9C5O/Y\r\n548CAwEAAaNQME4wHQYDVR0OBBYEFFaoHQi24THhv1yq/V/Kh3F2BygSMB8GA1Ud\r\nIwQYMBaAFFaoHQi24THhv1yq/V/Kh3F2BygSMAwGA1UdEwQFMAMBAf8wDQYJKoZI\r\nhvcNAQENBQADggEBAJNOLHZIgFZhjONW9yi3tVPqJRe3TW+kvkkp1qWcLVqVmy2c\r\n8Uq4vP1Wk1xOpJcC3rvxXPewPP6Mlz7/4PNlBhRGzXd56exNoQT/ZmGNYrV3mP6o\r\n5O0x5MXPE+3/bqw6haI9631UpZqqWJpvsVuMwp/4eqfBa9ptRHZ6KQ/X/lLV4d4s\r\nzm3bIrYAFwctIYV378X9Woxvjh5+AcONAwtrUq4K0Wj+E8HUQYedPEPZ/OjJ/sEY\r\n5NQUBSYiXoKc/z6Diik2n8ApPv5lmRG8Sdw8Ci9CX0muEjmVUXp6oOaULF5nr9+T\r\nlgQ+6BElG24goWz9+dVDTRtlk7gpQulEgs6XrMw="
    }
},
{
    "model": "centre_registry.samlidentityfederation",
    "pk": 9,
    "fields": {
        "shorthand": "ACOnet",
        "information_url": "https://www.aco.net/federation.html?&L=1",
        "saml_metadata_url": "https://eduid.at/md/aconet-registered.xml",
        "signing_key": "MIIFGDCCBACgAwIBAgIJAJS+3dUtfj7NMA0GCSqGSIb3DQEBBQUAMIG4MQswCQYD\r\n                        VQQGEwJBVDEjMCEGA1UEChMaQUNPbmV0IC8gVW5pdmVyc2l0YWV0IFdpZW4xOTA3\r\n                        BgNVBAsTMFplbnRyYWxlciBJbmZvcm1hdGlrZGllbnN0IGRlciBVbml2ZXJzaXRh\r\n                        ZXQgV2llbjEkMCIGA1UEAxMbQUNPbmV0IE1ldGFkYXRhIFNpZ25pbmcgS2V5MSMw\r\n                        IQYJKoZIhvcNAQkBFhRhYWkuemlkQHVuaXZpZS5hYy5hdDAeFw0wODA1MjkxMjI3\r\n                        MjBaFw0xODA1MjcxMjI3MjBaMIG4MQswCQYDVQQGEwJBVDEjMCEGA1UEChMaQUNP\r\n                        bmV0IC8gVW5pdmVyc2l0YWV0IFdpZW4xOTA3BgNVBAsTMFplbnRyYWxlciBJbmZv\r\n                        cm1hdGlrZGllbnN0IGRlciBVbml2ZXJzaXRhZXQgV2llbjEkMCIGA1UEAxMbQUNP\r\n                        bmV0IE1ldGFkYXRhIFNpZ25pbmcgS2V5MSMwIQYJKoZIhvcNAQkBFhRhYWkuemlk\r\n                        QHVuaXZpZS5hYy5hdDCCASIwDQYJKoZIhvcNAQEBBQADggEPADCCAQoCggEBAMEg\r\n                        y0tuWObKZqwfH8pEqs1202hLLEf3A9dn6BSA6C8DeT1BMF1lj7JfM18qBcNp1paz\r\n                        kSuO2fMI1NUJTuAXGUbfIsedhiV7PUOcYAbOMxP16eoYFAWtIn9j8TlqANlE6lIA\r\n                        Y/C+o6FZM+awXomOydgpH70cPkEs5DJvmBLJgHMKcoIWrynw72Ejsbm7mAWnKpMB\r\n                        mtCfAJA7oht5H6cnawhOUfCk7fD+uV4nufoPGAlNJqpdbwsw9DuPMuXSuUhw+D4Z\r\n                        KRtgQGshojVEe2w0pFRJW97sm8I29AUCPqtIbuDaqXmY02NKU57uaGYUFuPXuDPo\r\n                        CiRKElHHiNwkmep0nx8CAwEAAaOCASEwggEdMB0GA1UdDgQWBBRMDvgWXOITq/Y4\r\n                        pQcczif+Ly7y4zCB7QYDVR0jBIHlMIHigBRMDvgWXOITq/Y4pQcczif+Ly7y46GB\r\n                        vqSBuzCBuDELMAkGA1UEBhMCQVQxIzAhBgNVBAoTGkFDT25ldCAvIFVuaXZlcnNp\r\n                        dGFldCBXaWVuMTkwNwYDVQQLEzBaZW50cmFsZXIgSW5mb3JtYXRpa2RpZW5zdCBk\r\n                        ZXIgVW5pdmVyc2l0YWV0IFdpZW4xJDAiBgNVBAMTG0FDT25ldCBNZXRhZGF0YSBT\r\n                        aWduaW5nIEtleTEjMCEGCSqGSIb3DQEJARYUYWFpLnppZEB1bml2aWUuYWMuYXSC\r\n                        CQCUvt3VLX4+zTAMBgNVHRMEBTADAQH/MA0GCSqGSIb3DQEBBQUAA4IBAQASWCbG\r\n                        /jR4a8lxYvRoh+B7KDQa95R4UPnN1A+pIsGcEkYPa8thqpnHH6vCm6VioIc34wfw\r\n                        KtruBYVfxrT8Bh7A2kuRCpnXzZtMnFsxRJP5GB28VJc7m7Ev4OjOOVglahPM7xFu\r\n                        gVFxsxYimah1JQIMAJPHFYgwhEEPMmuwpCd0S9Lj6yVc0VVW0NBeaqTTBRRAQdKX\r\n                        ekwKYe5tVVuZV/zyXDaXJbCVwEz620VQjJ7o0aU06eJ8Sr3Q4DpXz74b/baWOhA9\r\n                        3tuzubdIm+mTaEDggMgAV3cZJg+djx2eSmyDQVwxaOZ3ESiR1Gcoz0vCsg8smrZJ"
    }
},
{
    "model": "centre_registry.samlidentityfederation",
    "pk": 10,
    "fields": {
        "shorthand": "eduGAIN",
        "information_url": "http://services.geant.net/edugain/Pages/Home.aspx",
        "saml_metadata_url": "http://mds.edugain.org//edugain-v1.xml",
        "signing_key": "MIIC1zCCAb+gAwIBAgIDVWNTMA0GCSqGSIb3DQEBCwUAMCwxDjAMBgNVBAoTBUdF\r\nQU5UMRowGAYDVQQDExFlZHVHQUlOIFNpZ25lciBDQTAiGA8yMDE0MDcwMjE0MzQ0\r\nOVoYDzIwMjEwMzMxMjM1OTU5WjAsMQ4wDAYDVQQKEwVHRUFOVDEaMBgGA1UEAxMR\r\nZWR1R0FJTiBTaWduZXIgQ0EwggEiMA0GCSqGSIb3DQEBAQUAA4IBDwAwggEKAoIB\r\nAQCRfl1zhkaFveJvJtS03bRIO3k77q2s5m+c6sQ83j71rIad+vGCO29S4JHBXHI/\r\nU57yNbNLgoKzl0MI4WQrs4KT/y+LPMFB9M0lNrALQd/op6PNc7CWKMN1yV8V/L74\r\n/vapRlb90gPVJABHmoAfQmjyMXLW38KLwzK1qEpKUIxPBfQMBawmh0gC2T5ndZnd\r\ncMPpgsMXyG2AZ4QGSOt4tgpspjTSRY++X+gi9WUuWzsEHHdFhCR9UYQ6+1glMVhe\r\nJjVmoD0b9V/KQ0BF/1zry2jfWlchFeILlWbWgiWsIBA4BPNHqFW42qGgUr9DI3Fz\r\nRLHXqF2N2f592tzcTeDZ11ejAgMBAAEwDQYJKoZIhvcNAQELBQADggEBAATS7E/J\r\ntww0rf9VROqVqEoAcyO2fhEt4iLj2PJaAftiKTQEbsEzjOx9C/QdB88NBPxv3+hT\r\nd3eXUQfrfo1a/CMXfh4v/7wgFAFGWXMCIfXbMn7YS7FnoIhf24Dly0aY7skn9MNe\r\n57L+WP++kmiO/r7aPq1TO6+HtzdPYBovi8iBBf9Dh1y+qG6u2pH+r9nQNaPEC4nY\r\nb3cFjwCOkWeteAvZx9Jmj6rpF+r8DbQQveDruXmJXb4/yiF9vmRTRhK6KawTfPB+\r\np9oNpPhRuUSONQDRo7Spg7sHAnAKMyP/txPLEve3MgITYv9SIMqpE2ljrs+wHxrw\r\nOegS1EztHA0//Cw="
    }
},
{
    "model": "centre_registry.samlidentityfederation",
    "pk": 11,
    "fields": {
        "shorthand": "RCTS-AAI",
        "information_url": "https://confluence.fccn.pt/display/RCTSAAI/Configurar+Metadados+Clarin",
        "saml_metadata_url": "https://rctsaai-rr.fccn.pt/rr/signedmetadata/federation/CLARIN/metadata.xml",
        "signing_key": "MIIDKjCCAhICCQCDDOQ8xAeQZzANBgkqhkiG9w0BAQUFADBXMQswCQYDVQQGEwJQ\r\nVDEPMA0GA1UEBwwGTGlzYm9uMRwwGgYDVQQKDBNEZWZhdWx0IENvbXBhbnkgTHRk\r\nMRkwFwYDVQQDDBBwdG1ldGFkYXRhc2lnbmVyMB4XDTEyMTAwMTE0MDAzMFoXDTIy\r\nMDkyOTE0MDAzMFowVzELMAkGA1UEBhMCUFQxDzANBgNVBAcMBkxpc2JvbjEcMBoG\r\nA1UECgwTRGVmYXVsdCBDb21wYW55IEx0ZDEZMBcGA1UEAwwQcHRtZXRhZGF0YXNp\r\nZ25lcjCCASIwDQYJKoZIhvcNAQEBBQADggEPADCCAQoCggEBAMs6/IYoQPnO2w9a\r\n7teRTSCZZSNo8LzftYgZcALAoDjXTXI7vKAPNTFmBHFq0dFiSAUjPDFxFLgC3c0n\r\nrL2QiP4eNgsKycTk8aRryBiIvh3gOOw6YNYcCPSO4eJj0eaGopEQttB6I/zkMy+p\r\nE1/xnFqP/UzA/XTpnHMgSbf1NLEWfgEkhW2rZ557gPBP+511HCw+Xlm4cGKeh696\r\ndtmcGUrgZ5iFhpw0ZlQcWaAgcOw1klY+y8A47aS6fTWsu9cOA7IKwMUHgt8P6Ozt\r\nY7xAUh1W296h3RteiJTYbCgoPEkENB7xVitOg4QG/aYhkQh20PhHxii44Yg9GRBX\r\ndM13ejMCAwEAATANBgkqhkiG9w0BAQUFAAOCAQEAO2cN5wawlmZA5s8qDm1thrkQ\r\n4i7ubyfI69CEFXPdplrSH4fxD1oLEtXp/ofqUlxuSmXVqXVQrG+BPhXV9deXlb9U\r\nP3DbFcmEcd7LhVgYu0yJ0Gm73sDojHozilJG2B1lCk/tt+HjsM7tNIbbl/rgG/vB\r\nzVDIAvfqpn2+/TYQNi98wHMWIvYjsid4J2kuyK4HLr/9xG1IwGLzKUVg6gGVPPpr\r\nUVcH9GLbwzCZJKcCebJXqAw1zxtMJL0BnYhkKcZQwnx3wz8pQ6NoGVHU0vUEyQXs\r\nnnrKODFBhk0JV06Ofkx/q38Z1Zl7a0yO81iya9dL/fVXNwE5AzguBOThO9bSVg=="
    }
},
{
    "model": "centre_registry.samlidentityfederation",
    "pk": 12,
    "fields": {
        "shorthand": "eduID.cz",
        "information_url": "http://eduid.cz/en/tech/summary",
        "saml_metadata_url": "https://metadata.eduid.cz/entities/edugain+sp",
        "signing_key": "MIIDCjCCAfICCQDeyJjos8lOlTANBgkqhkiG9w0BAQUFADBHMRIwEAYKCZImiZPy\r\n                        LGQBGRYCY3oxFTATBgoJkiaJk/IsZAEZFgVlZHVJRDEaMBgGA1UEAxMRbWV0YWRh\r\n                        dGEuZWR1SUQuY3owHhcNMTEwMjE3MjAyMDAwWhcNMjEwMjE0MjAyMDAwWjBHMRIw\r\n                        EAYKCZImiZPyLGQBGRYCY3oxFTATBgoJkiaJk/IsZAEZFgVlZHVJRDEaMBgGA1UE\r\n                        AxMRbWV0YWRhdGEuZWR1SUQuY3owggEiMA0GCSqGSIb3DQEBAQUAA4IBDwAwggEK\r\n                        AoIBAQD9Wg8jPOecHmHtpCEsNqJnQHXZr6bAKIXUFDZheKRqAi4PvMo6clWkl3sj\r\n                        MHbqmc+K4HnkGm1445CdxwJnmHsKHcnYrP/Zq0TiP5bydhRpna3c+YCX0alFlwop\r\n                        Dm3Pl9Nd/fBqMHXjihCsHYZOcM5UY2xW/x+wlhTX3jVSUO/WKhq3Ljae0m9f39R7\r\n                        DOAwMcaDY+2+9BlIx/Dz78z/LNOVEbzhxLaxt25PzA7Tw1cMfZ07LeER6w2OoQBS\r\n                        8kZY5aORLOiv3VRsF9LH4n0OGHx4Gxb8QsL8/H1xccfV+aweo4E9sZRGLF506O/+\r\n                        A567dQWdi4b5Oodtnd+hzEfn2cI1AgMBAAEwDQYJKoZIhvcNAQEFBQADggEBAGHU\r\n                        6daImmTF7oPVakUtMTRJX+D1rUyw4UM4my6vLTQsm/qz5cq+rhglplCZCMOi/3Ll\r\n                        ncbrwwFudcn2lvda5KljVcZjoHS/eM8Q0mk0P77cOpAJUYOniUYLnRn84UiPYKTS\r\n                        70FMq6nIO38rRdSbqROZTqdnzOupOKHJgxZI4FFGzRCSfDEqW5YhlTnUUVMyD2YB\r\n                        zonXReSFbrhofcMbEDlJj/B7RVnqcCmQJRy28bqS6wK7uJpYNt1HQwASbAnrzUgO\r\n                        FIbaiwkFIyMuxjzSuXeyl2UDTtTlINECv7Y9FMgifwq2Fyms/TskZzvDEHvAsZxV\r\n                        bqg7GKeCsFXAnGL79xM="
    }
}
]
