[{"model": "auth.permission", "pk": 1, "fields": {"name": "Can add permission", "content_type": 1, "codename": "add_permission"}}, {"model": "auth.permission", "pk": 2, "fields": {"name": "Can change permission", "content_type": 1, "codename": "change_permission"}}, {"model": "auth.permission", "pk": 3, "fields": {"name": "Can delete permission", "content_type": 1, "codename": "delete_permission"}}, {"model": "auth.permission", "pk": 4, "fields": {"name": "Can view permission", "content_type": 1, "codename": "view_permission"}}, {"model": "auth.permission", "pk": 5, "fields": {"name": "Can add group", "content_type": 2, "codename": "add_group"}}, {"model": "auth.permission", "pk": 6, "fields": {"name": "Can change group", "content_type": 2, "codename": "change_group"}}, {"model": "auth.permission", "pk": 7, "fields": {"name": "Can delete group", "content_type": 2, "codename": "delete_group"}}, {"model": "auth.permission", "pk": 8, "fields": {"name": "Can view group", "content_type": 2, "codename": "view_group"}}, {"model": "auth.permission", "pk": 9, "fields": {"name": "Can add user", "content_type": 3, "codename": "add_user"}}, {"model": "auth.permission", "pk": 10, "fields": {"name": "Can change user", "content_type": 3, "codename": "change_user"}}, {"model": "auth.permission", "pk": 11, "fields": {"name": "Can delete user", "content_type": 3, "codename": "delete_user"}}, {"model": "auth.permission", "pk": 12, "fields": {"name": "Can view user", "content_type": 3, "codename": "view_user"}}, {"model": "auth.permission", "pk": 13, "fields": {"name": "Can add content type", "content_type": 4, "codename": "add_contenttype"}}, {"model": "auth.permission", "pk": 14, "fields": {"name": "Can change content type", "content_type": 4, "codename": "change_contenttype"}}, {"model": "auth.permission", "pk": 15, "fields": {"name": "Can delete content type", "content_type": 4, "codename": "delete_contenttype"}}, {"model": "auth.permission", "pk": 16, "fields": {"name": "Can view content type", "content_type": 4, "codename": "view_contenttype"}}, {"model": "auth.permission", "pk": 17, "fields": {"name": "Can add session", "content_type": 5, "codename": "add_session"}}, {"model": "auth.permission", "pk": 18, "fields": {"name": "Can change session", "content_type": 5, "codename": "change_session"}}, {"model": "auth.permission", "pk": 19, "fields": {"name": "Can delete session", "content_type": 5, "codename": "delete_session"}}, {"model": "auth.permission", "pk": 20, "fields": {"name": "Can view session", "content_type": 5, "codename": "view_session"}}, {"model": "auth.permission", "pk": 21, "fields": {"name": "Can add log entry", "content_type": 6, "codename": "add_logentry"}}, {"model": "auth.permission", "pk": 22, "fields": {"name": "Can change log entry", "content_type": 6, "codename": "change_logentry"}}, {"model": "auth.permission", "pk": 23, "fields": {"name": "Can delete log entry", "content_type": 6, "codename": "delete_logentry"}}, {"model": "auth.permission", "pk": 24, "fields": {"name": "Can view log entry", "content_type": 6, "codename": "view_logentry"}}, {"model": "auth.permission", "pk": 25, "fields": {"name": "Can add centre", "content_type": 7, "codename": "add_centre"}}, {"model": "auth.permission", "pk": 26, "fields": {"name": "Can change centre", "content_type": 7, "codename": "change_centre"}}, {"model": "auth.permission", "pk": 27, "fields": {"name": "Can delete centre", "content_type": 7, "codename": "delete_centre"}}, {"model": "auth.permission", "pk": 28, "fields": {"name": "Can view centre", "content_type": 7, "codename": "view_centre"}}, {"model": "auth.permission", "pk": 29, "fields": {"name": "Can add centre type", "content_type": 8, "codename": "add_centretype"}}, {"model": "auth.permission", "pk": 30, "fields": {"name": "Can change centre type", "content_type": 8, "codename": "change_centretype"}}, {"model": "auth.permission", "pk": 31, "fields": {"name": "Can delete centre type", "content_type": 8, "codename": "delete_centretype"}}, {"model": "auth.permission", "pk": 32, "fields": {"name": "Can view centre type", "content_type": 8, "codename": "view_centretype"}}, {"model": "auth.permission", "pk": 33, "fields": {"name": "Can add consortium", "content_type": 9, "codename": "add_consortium"}}, {"model": "auth.permission", "pk": 34, "fields": {"name": "Can change consortium", "content_type": 9, "codename": "change_consortium"}}, {"model": "auth.permission", "pk": 35, "fields": {"name": "Can delete consortium", "content_type": 9, "codename": "delete_consortium"}}, {"model": "auth.permission", "pk": 36, "fields": {"name": "Can view consortium", "content_type": 9, "codename": "view_consortium"}}, {"model": "auth.permission", "pk": 37, "fields": {"name": "Can add contact", "content_type": 10, "codename": "add_contact"}}, {"model": "auth.permission", "pk": 38, "fields": {"name": "Can change contact", "content_type": 10, "codename": "change_contact"}}, {"model": "auth.permission", "pk": 39, "fields": {"name": "Can delete contact", "content_type": 10, "codename": "delete_contact"}}, {"model": "auth.permission", "pk": 40, "fields": {"name": "Can view contact", "content_type": 10, "codename": "view_contact"}}, {"model": "auth.permission", "pk": 41, "fields": {"name": "Can add FCS endpoint", "content_type": 11, "codename": "add_fcsendpoint"}}, {"model": "auth.permission", "pk": 42, "fields": {"name": "Can change FCS endpoint", "content_type": 11, "codename": "change_fcsendpoint"}}, {"model": "auth.permission", "pk": 43, "fields": {"name": "Can delete FCS endpoint", "content_type": 11, "codename": "delete_fcsendpoint"}}, {"model": "auth.permission", "pk": 44, "fields": {"name": "Can view FCS endpoint", "content_type": 11, "codename": "view_fcsendpoint"}}, {"model": "auth.permission", "pk": 45, "fields": {"name": "Can add OAI-PMH Endpoint", "content_type": 12, "codename": "add_oaipmhendpoint"}}, {"model": "auth.permission", "pk": 46, "fields": {"name": "Can change OAI-PMH Endpoint", "content_type": 12, "codename": "change_oaipmhendpoint"}}, {"model": "auth.permission", "pk": 47, "fields": {"name": "Can delete OAI-PMH Endpoint", "content_type": 12, "codename": "delete_oaipmhendpoint"}}, {"model": "auth.permission", "pk": 48, "fields": {"name": "Can view OAI-PMH Endpoint", "content_type": 12, "codename": "view_oaipmhendpoint"}}, {"model": "auth.permission", "pk": 49, "fields": {"name": "Can add SAML identity federation", "content_type": 13, "codename": "add_samlidentityfederation"}}, {"model": "auth.permission", "pk": 50, "fields": {"name": "Can change SAML identity federation", "content_type": 13, "codename": "change_samlidentityfederation"}}, {"model": "auth.permission", "pk": 51, "fields": {"name": "Can delete SAML identity federation", "content_type": 13, "codename": "delete_samlidentityfederation"}}, {"model": "auth.permission", "pk": 52, "fields": {"name": "Can view SAML identity federation", "content_type": 13, "codename": "view_samlidentityfederation"}}, {"model": "auth.permission", "pk": 53, "fields": {"name": "Can add SAML Service Provider", "content_type": 14, "codename": "add_samlserviceprovider"}}, {"model": "auth.permission", "pk": 54, "fields": {"name": "Can change SAML Service Provider", "content_type": 14, "codename": "change_samlserviceprovider"}}, {"model": "auth.permission", "pk": 55, "fields": {"name": "Can delete SAML Service Provider", "content_type": 14, "codename": "delete_samlserviceprovider"}}, {"model": "auth.permission", "pk": 56, "fields": {"name": "Can view SAML Service Provider", "content_type": 14, "codename": "view_samlserviceprovider"}}, {"model": "auth.permission", "pk": 57, "fields": {"name": "Can add URL reference", "content_type": 15, "codename": "add_urlreference"}}, {"model": "auth.permission", "pk": 58, "fields": {"name": "Can change URL reference", "content_type": 15, "codename": "change_urlreference"}}, {"model": "auth.permission", "pk": 59, "fields": {"name": "Can delete URL reference", "content_type": 15, "codename": "delete_urlreference"}}, {"model": "auth.permission", "pk": 60, "fields": {"name": "Can view URL reference", "content_type": 15, "codename": "view_urlreference"}}, {"model": "auth.permission", "pk": 61, "fields": {"name": "Can add issue/due dates for a centre administrative_contacttype", "content_type": 16, "codename": "add_assessmentdates"}}, {"model": "auth.permission", "pk": 62, "fields": {"name": "Can change issue/due dates for a centre administrative_contacttype", "content_type": 16, "codename": "change_assessmentdates"}}, {"model": "auth.permission", "pk": 63, "fields": {"name": "Can delete issue/due dates for a centre administrative_contacttype", "content_type": 16, "codename": "delete_assessmentdates"}}, {"model": "auth.permission", "pk": 64, "fields": {"name": "Can view issue/due dates for a centre administrative_contacttype", "content_type": 16, "codename": "view_assessmentdates"}}, {"model": "auth.permission", "pk": 65, "fields": {"name": "Can add OAI-PMH Set", "content_type": 17, "codename": "add_oaipmhendpointset"}}, {"model": "auth.permission", "pk": 66, "fields": {"name": "Can change OAI-PMH Set", "content_type": 17, "codename": "change_oaipmhendpointset"}}, {"model": "auth.permission", "pk": 67, "fields": {"name": "Can delete OAI-PMH Set", "content_type": 17, "codename": "delete_oaipmhendpointset"}}, {"model": "auth.permission", "pk": 68, "fields": {"name": "Can view OAI-PMH Set", "content_type": 17, "codename": "view_oaipmhendpointset"}}, {"model": "auth.permission", "pk": 69, "fields": {"name": "Can add organisation", "content_type": 18, "codename": "add_organisation"}}, {"model": "auth.permission", "pk": 70, "fields": {"name": "Can change organisation", "content_type": 18, "codename": "change_organisation"}}, {"model": "auth.permission", "pk": 71, "fields": {"name": "Can delete organisation", "content_type": 18, "codename": "delete_organisation"}}, {"model": "auth.permission", "pk": 72, "fields": {"name": "Can view organisation", "content_type": 18, "codename": "view_organisation"}}, {"model": "auth.permission", "pk": 73, "fields": {"name": "Can add historical URL reference", "content_type": 19, "codename": "add_historicalurlreference"}}, {"model": "auth.permission", "pk": 74, "fields": {"name": "Can change historical URL reference", "content_type": 19, "codename": "change_historicalurlreference"}}, {"model": "auth.permission", "pk": 75, "fields": {"name": "Can delete historical URL reference", "content_type": 19, "codename": "delete_historicalurlreference"}}, {"model": "auth.permission", "pk": 76, "fields": {"name": "Can view historical URL reference", "content_type": 19, "codename": "view_historicalurlreference"}}, {"model": "auth.permission", "pk": 77, "fields": {"name": "Can add historical SAML Service Provider", "content_type": 20, "codename": "add_historicalsamlserviceprovider"}}, {"model": "auth.permission", "pk": 78, "fields": {"name": "Can change historical SAML Service Provider", "content_type": 20, "codename": "change_historicalsamlserviceprovider"}}, {"model": "auth.permission", "pk": 79, "fields": {"name": "Can delete historical SAML Service Provider", "content_type": 20, "codename": "delete_historicalsamlserviceprovider"}}, {"model": "auth.permission", "pk": 80, "fields": {"name": "Can view historical SAML Service Provider", "content_type": 20, "codename": "view_historicalsamlserviceprovider"}}, {"model": "auth.permission", "pk": 81, "fields": {"name": "Can add historical SAML identity federation", "content_type": 21, "codename": "add_historicalsamlidentityfederation"}}, {"model": "auth.permission", "pk": 82, "fields": {"name": "Can change historical SAML identity federation", "content_type": 21, "codename": "change_historicalsamlidentityfederation"}}, {"model": "auth.permission", "pk": 83, "fields": {"name": "Can delete historical SAML identity federation", "content_type": 21, "codename": "delete_historicalsamlidentityfederation"}}, {"model": "auth.permission", "pk": 84, "fields": {"name": "Can view historical SAML identity federation", "content_type": 21, "codename": "view_historicalsamlidentityfederation"}}, {"model": "auth.permission", "pk": 85, "fields": {"name": "Can add historical organisation", "content_type": 22, "codename": "add_historicalorganisation"}}, {"model": "auth.permission", "pk": 86, "fields": {"name": "Can change historical organisation", "content_type": 22, "codename": "change_historicalorganisation"}}, {"model": "auth.permission", "pk": 87, "fields": {"name": "Can delete historical organisation", "content_type": 22, "codename": "delete_historicalorganisation"}}, {"model": "auth.permission", "pk": 88, "fields": {"name": "Can view historical organisation", "content_type": 22, "codename": "view_historicalorganisation"}}, {"model": "auth.permission", "pk": 89, "fields": {"name": "Can add historical OAI-PMH Set", "content_type": 23, "codename": "add_historicaloaipmhendpointset"}}, {"model": "auth.permission", "pk": 90, "fields": {"name": "Can change historical OAI-PMH Set", "content_type": 23, "codename": "change_historicaloaipmhendpointset"}}, {"model": "auth.permission", "pk": 91, "fields": {"name": "Can delete historical OAI-PMH Set", "content_type": 23, "codename": "delete_historicaloaipmhendpointset"}}, {"model": "auth.permission", "pk": 92, "fields": {"name": "Can view historical OAI-PMH Set", "content_type": 23, "codename": "view_historicaloaipmhendpointset"}}, {"model": "auth.permission", "pk": 93, "fields": {"name": "Can add historical OAI-PMH Endpoint", "content_type": 24, "codename": "add_historicaloaipmhendpoint"}}, {"model": "auth.permission", "pk": 94, "fields": {"name": "Can change historical OAI-PMH Endpoint", "content_type": 24, "codename": "change_historicaloaipmhendpoint"}}, {"model": "auth.permission", "pk": 95, "fields": {"name": "Can delete historical OAI-PMH Endpoint", "content_type": 24, "codename": "delete_historicaloaipmhendpoint"}}, {"model": "auth.permission", "pk": 96, "fields": {"name": "Can view historical OAI-PMH Endpoint", "content_type": 24, "codename": "view_historicaloaipmhendpoint"}}, {"model": "auth.permission", "pk": 97, "fields": {"name": "Can add historical FCS endpoint", "content_type": 25, "codename": "add_historicalfcsendpoint"}}, {"model": "auth.permission", "pk": 98, "fields": {"name": "Can change historical FCS endpoint", "content_type": 25, "codename": "change_historicalfcsendpoint"}}, {"model": "auth.permission", "pk": 99, "fields": {"name": "Can delete historical FCS endpoint", "content_type": 25, "codename": "delete_historicalfcsendpoint"}}, {"model": "auth.permission", "pk": 100, "fields": {"name": "Can view historical FCS endpoint", "content_type": 25, "codename": "view_historicalfcsendpoint"}}, {"model": "auth.permission", "pk": 101, "fields": {"name": "Can add historical contact", "content_type": 26, "codename": "add_historicalcontact"}}, {"model": "auth.permission", "pk": 102, "fields": {"name": "Can change historical contact", "content_type": 26, "codename": "change_historicalcontact"}}, {"model": "auth.permission", "pk": 103, "fields": {"name": "Can delete historical contact", "content_type": 26, "codename": "delete_historicalcontact"}}, {"model": "auth.permission", "pk": 104, "fields": {"name": "Can view historical contact", "content_type": 26, "codename": "view_historicalcontact"}}, {"model": "auth.permission", "pk": 105, "fields": {"name": "Can add historical centre type", "content_type": 27, "codename": "add_historicalcentretype"}}, {"model": "auth.permission", "pk": 106, "fields": {"name": "Can change historical centre type", "content_type": 27, "codename": "change_historicalcentretype"}}, {"model": "auth.permission", "pk": 107, "fields": {"name": "Can delete historical centre type", "content_type": 27, "codename": "delete_historicalcentretype"}}, {"model": "auth.permission", "pk": 108, "fields": {"name": "Can view historical centre type", "content_type": 27, "codename": "view_historicalcentretype"}}, {"model": "auth.permission", "pk": 109, "fields": {"name": "Can add historical issue/due dates for a centre administrative_contacttype", "content_type": 28, "codename": "add_historicalassessmentdates"}}, {"model": "auth.permission", "pk": 110, "fields": {"name": "Can change historical issue/due dates for a centre administrative_contacttype", "content_type": 28, "codename": "change_historicalassessmentdates"}}, {"model": "auth.permission", "pk": 111, "fields": {"name": "Can delete historical issue/due dates for a centre administrative_contacttype", "content_type": 28, "codename": "delete_historicalassessmentdates"}}, {"model": "auth.permission", "pk": 112, "fields": {"name": "Can view historical issue/due dates for a centre administrative_contacttype", "content_type": 28, "codename": "view_historicalassessmentdates"}}, {"model": "auth.permission", "pk": 113, "fields": {"name": "Can add historical centre", "content_type": 29, "codename": "add_historicalcentre"}}, {"model": "auth.permission", "pk": 114, "fields": {"name": "Can change historical centre", "content_type": 29, "codename": "change_historicalcentre"}}, {"model": "auth.permission", "pk": 115, "fields": {"name": "Can delete historical centre", "content_type": 29, "codename": "delete_historicalcentre"}}, {"model": "auth.permission", "pk": 116, "fields": {"name": "Can view historical centre", "content_type": 29, "codename": "view_historicalcentre"}}, {"model": "auth.permission", "pk": 117, "fields": {"name": "Can add historical consortium", "content_type": 30, "codename": "add_historicalconsortium"}}, {"model": "auth.permission", "pk": 118, "fields": {"name": "Can change historical consortium", "content_type": 30, "codename": "change_historicalconsortium"}}, {"model": "auth.permission", "pk": 119, "fields": {"name": "Can delete historical consortium", "content_type": 30, "codename": "delete_historicalconsortium"}}, {"model": "auth.permission", "pk": 120, "fields": {"name": "Can view historical consortium", "content_type": 30, "codename": "view_historicalconsortium"}}, {"model": "auth.permission", "pk": 121, "fields": {"name": "Can add certification status", "content_type": 31, "codename": "add_certificationstatus"}}, {"model": "auth.permission", "pk": 122, "fields": {"name": "Can change certification status", "content_type": 31, "codename": "change_certificationstatus"}}, {"model": "auth.permission", "pk": 123, "fields": {"name": "Can delete certification status", "content_type": 31, "codename": "delete_certificationstatus"}}, {"model": "auth.permission", "pk": 124, "fields": {"name": "Can view certification status", "content_type": 31, "codename": "view_certificationstatus"}}, {"model": "auth.permission", "pk": 125, "fields": {"name": "Can add historical certification status", "content_type": 32, "codename": "add_historicalcertificationstatus"}}, {"model": "auth.permission", "pk": 126, "fields": {"name": "Can change historical certification status", "content_type": 32, "codename": "change_historicalcertificationstatus"}}, {"model": "auth.permission", "pk": 127, "fields": {"name": "Can delete historical certification status", "content_type": 32, "codename": "delete_historicalcertificationstatus"}}, {"model": "auth.permission", "pk": 128, "fields": {"name": "Can view historical certification status", "content_type": 32, "codename": "view_historicalcertificationstatus"}}, {"model": "auth.permission", "pk": 129, "fields": {"name": "Can add type certification status", "content_type": 33, "codename": "add_typecertificationstatus"}}, {"model": "auth.permission", "pk": 130, "fields": {"name": "Can change type certification status", "content_type": 33, "codename": "change_typecertificationstatus"}}, {"model": "auth.permission", "pk": 131, "fields": {"name": "Can delete type certification status", "content_type": 33, "codename": "delete_typecertificationstatus"}}, {"model": "auth.permission", "pk": 132, "fields": {"name": "Can view type certification status", "content_type": 33, "codename": "view_typecertificationstatus"}}, {"model": "auth.permission", "pk": 133, "fields": {"name": "Can add historical type certification status", "content_type": 34, "codename": "add_historicaltypecertificationstatus"}}, {"model": "auth.permission", "pk": 134, "fields": {"name": "Can change historical type certification status", "content_type": 34, "codename": "change_historicaltypecertificationstatus"}}, {"model": "auth.permission", "pk": 135, "fields": {"name": "Can delete historical type certification status", "content_type": 34, "codename": "delete_historicaltypecertificationstatus"}}, {"model": "auth.permission", "pk": 136, "fields": {"name": "Can view historical type certification status", "content_type": 34, "codename": "view_historicaltypecertificationstatus"}}, {"model": "contenttypes.contenttype", "pk": 1, "fields": {"app_label": "auth", "model": "permission"}}, {"model": "contenttypes.contenttype", "pk": 2, "fields": {"app_label": "auth", "model": "group"}}, {"model": "contenttypes.contenttype", "pk": 3, "fields": {"app_label": "auth", "model": "user"}}, {"model": "contenttypes.contenttype", "pk": 4, "fields": {"app_label": "contenttypes", "model": "contenttype"}}, {"model": "contenttypes.contenttype", "pk": 5, "fields": {"app_label": "sessions", "model": "session"}}, {"model": "contenttypes.contenttype", "pk": 6, "fields": {"app_label": "admin", "model": "logentry"}}, {"model": "contenttypes.contenttype", "pk": 7, "fields": {"app_label": "centre_registry", "model": "centre"}}, {"model": "contenttypes.contenttype", "pk": 8, "fields": {"app_label": "centre_registry", "model": "centretype"}}, {"model": "contenttypes.contenttype", "pk": 9, "fields": {"app_label": "centre_registry", "model": "consortium"}}, {"model": "contenttypes.contenttype", "pk": 10, "fields": {"app_label": "centre_registry", "model": "contact"}}, {"model": "contenttypes.contenttype", "pk": 11, "fields": {"app_label": "centre_registry", "model": "fcsendpoint"}}, {"model": "contenttypes.contenttype", "pk": 12, "fields": {"app_label": "centre_registry", "model": "oaipmhendpoint"}}, {"model": "contenttypes.contenttype", "pk": 13, "fields": {"app_label": "centre_registry", "model": "samlidentityfederation"}}, {"model": "contenttypes.contenttype", "pk": 14, "fields": {"app_label": "centre_registry", "model": "samlserviceprovider"}}, {"model": "contenttypes.contenttype", "pk": 15, "fields": {"app_label": "centre_registry", "model": "urlreference"}}, {"model": "contenttypes.contenttype", "pk": 16, "fields": {"app_label": "centre_registry", "model": "assessmentdates"}}, {"model": "contenttypes.contenttype", "pk": 17, "fields": {"app_label": "centre_registry", "model": "oaipmhendpointset"}}, {"model": "contenttypes.contenttype", "pk": 18, "fields": {"app_label": "centre_registry", "model": "organisation"}}, {"model": "contenttypes.contenttype", "pk": 19, "fields": {"app_label": "centre_registry", "model": "historicalurlreference"}}, {"model": "contenttypes.contenttype", "pk": 20, "fields": {"app_label": "centre_registry", "model": "historicalsamlserviceprovider"}}, {"model": "contenttypes.contenttype", "pk": 21, "fields": {"app_label": "centre_registry", "model": "historicalsamlidentityfederation"}}, {"model": "contenttypes.contenttype", "pk": 22, "fields": {"app_label": "centre_registry", "model": "historicalorganisation"}}, {"model": "contenttypes.contenttype", "pk": 23, "fields": {"app_label": "centre_registry", "model": "historicaloaipmhendpointset"}}, {"model": "contenttypes.contenttype", "pk": 24, "fields": {"app_label": "centre_registry", "model": "historicaloaipmhendpoint"}}, {"model": "contenttypes.contenttype", "pk": 25, "fields": {"app_label": "centre_registry", "model": "historicalfcsendpoint"}}, {"model": "contenttypes.contenttype", "pk": 26, "fields": {"app_label": "centre_registry", "model": "historicalcontact"}}, {"model": "contenttypes.contenttype", "pk": 27, "fields": {"app_label": "centre_registry", "model": "historicalcentretype"}}, {"model": "contenttypes.contenttype", "pk": 28, "fields": {"app_label": "centre_registry", "model": "historicalassessmentdates"}}, {"model": "contenttypes.contenttype", "pk": 29, "fields": {"app_label": "centre_registry", "model": "historicalcentre"}}, {"model": "contenttypes.contenttype", "pk": 30, "fields": {"app_label": "centre_registry", "model": "historicalconsortium"}}, {"model": "contenttypes.contenttype", "pk": 31, "fields": {"app_label": "centre_registry", "model": "certificationstatus"}}, {"model": "contenttypes.contenttype", "pk": 32, "fields": {"app_label": "centre_registry", "model": "historicalcertificationstatus"}}, {"model": "contenttypes.contenttype", "pk": 33, "fields": {"app_label": "centre_registry", "model": "typecertificationstatus"}}, {"model": "contenttypes.contenttype", "pk": 34, "fields": {"app_label": "centre_registry", "model": "historicaltypecertificationstatus"}}, {"model": "centre_registry.contact", "pk": 1, "fields": {"email_address": "margarethe.weber@fake-gmx.de", "name": "Margarethe Weber", "edupersonprincipalname": null, "telephone_number": "+00 7777 2222222", "website_url": "http://www.fake-gmx.de/cms/mitarbeiter/mitarbeiter-detail/margarethe-weber.html"}}, {"model": "centre_registry.contact", "pk": 2, "fields": {"email_address": "katzim@fake-gmx.de", "name": "Katarina Zim", "edupersonprincipalname": null, "telephone_number": "+99 00 00000 000", "website_url": ""}}, {"model": "centre_registry.contact", "pk": 3, "fields": {"email_address": "martina.navratilova@fake-mail.uk", "name": "Martina Navratilova", "edupersonprincipalname": null, "telephone_number": "", "website_url": ""}}, {"model": "centre_registry.contact", "pk": 4, "fields": {"email_address": "matias.dudu@fake-email.at", "name": "Matias Dudu", "edupersonprincipalname": null, "telephone_number": "+00 1 55555 4444", "website_url": ""}}, {"model": "centre_registry.contact", "pk": 5, "fields": {"email_address": "karin.schneider@fake-gmx.at", "name": "Karin Schneider", "edupersonprincipalname": null, "telephone_number": "+00 1 01010 1010", "website_url": ""}}, {"model": "centre_registry.contact", "pk": 6, "fields": {"email_address": "jurgen@fake-mail.fi", "name": "Jürgen Schmidt", "edupersonprincipalname": null, "telephone_number": "", "website_url": ""}}, {"model": "centre_registry.contact", "pk": 7, "fields": {"email_address": "j.s.bach@fake-composer.de", "name": "Johann Sebastian Bach", "edupersonprincipalname": null, "telephone_number": "+00 89 0123 4567", "website_url": "http://www.kompositor.de/fake/j.s.bach@fake-composer.de"}}, {"model": "centre_registry.contact", "pk": 8, "fields": {"email_address": "j.o.krag@fake-gmx.de", "name": "Jens Otto Krag", "edupersonprincipalname": null, "telephone_number": "+00 999 01234567", "website_url": "http://www.krag.de/jens/"}}, {"model": "centre_registry.contact", "pk": 9, "fields": {"email_address": "j.neppank@fake-gmx.de", "name": "Jan Neppank", "edupersonprincipalname": null, "telephone_number": "+00 000 7777777", "website_url": ""}}, {"model": "centre_registry.contact", "pk": 10, "fields": {"email_address": "titles@profs-and-drs.de", "name": "Prof. Dr. Likes Titles", "edupersonprincipalname": null, "telephone_number": "+00 333 22 55555", "website_url": "http://www.informatik4all.de/staff/Likes_Titles"}}, {"model": "centre_registry.contact", "pk": 11, "fields": {"email_address": "frodo@fakemail.de", "name": "Frodo Baggins", "edupersonprincipalname": "frodo_fakemail.de@test.eu", "telephone_number": "", "website_url": ""}}, {"model": "centre_registry.contact", "pk": 12, "fields": {"email_address": "vincent@fake-mail.eu", "name": "Vincent van Gogh", "edupersonprincipalname": null, "telephone_number": "", "website_url": ""}}, {"model": "centre_registry.contact", "pk": 13, "fields": {"email_address": "till.lindemann@fake-gmx.de", "name": "Till Lindemann", "edupersonprincipalname": null, "telephone_number": "+00 000 000 1541", "website_url": "http://www.tillram.de/index.php?id=9783259464284"}}, {"model": "centre_registry.contact", "pk": 14, "fields": {"email_address": "l.moller@mx.uni-fake.de", "name": "Prof. Lena Müller", "edupersonprincipalname": null, "telephone_number": "+49 40 428386893", "website_url": ""}}, {"model": "centre_registry.contact", "pk": 15, "fields": {"email_address": "f.l.gassmann@fakegmx.de", "name": "Florian Leopold Gassmann", "edupersonprincipalname": null, "telephone_number": "+11 00 1234567", "website_url": ""}}, {"model": "centre_registry.contact", "pk": 16, "fields": {"email_address": "CLARIN-support@gefalschte-email.de", "name": "Peter von Vonit", "edupersonprincipalname": "CLARIN-support_gefalschte-email.de@clarin.eu", "telephone_number": "+00 9999 88 7777", "website_url": "http://www.no-site-land.de/SharedDocs/Personen/Peter.Vonit.html"}}, {"model": "centre_registry.contact", "pk": 17, "fields": {"email_address": "schmied@fake-gmx.de", "name": "Hans Schmied", "edupersonprincipalname": null, "telephone_number": "+00 0000000010", "website_url": ""}}, {"model": "centre_registry.contact", "pk": 18, "fields": {"email_address": "clarin@fake-uni.de", "name": "Prof. Dr. Sankt Nikolaus", "edupersonprincipalname": null, "telephone_number": "+00 222 88888888", "website_url": "http://www.showcase.de/institut/mitarbeiter/nikolaus/"}}, {"model": "centre_registry.contact", "pk": 19, "fields": {"email_address": "hanna@fakemail.de", "name": "Hannah Abbott", "edupersonprincipalname": null, "telephone_number": "+00 11 123456789", "website_url": ""}}, {"model": "centre_registry.contact", "pk": 20, "fields": {"email_address": "maria@gefalschte-email.de", "name": "Maria Joakina", "edupersonprincipalname": null, "telephone_number": "", "website_url": ""}}, {"model": "centre_registry.contact", "pk": 21, "fields": {"email_address": "siegfried@myth.de", "name": "Siegfried Hagen", "edupersonprincipalname": null, "telephone_number": "", "website_url": ""}}, {"model": "centre_registry.contact", "pk": 22, "fields": {"email_address": "zwart.piet@geen-mail.nl", "name": "Zwart Piet", "edupersonprincipalname": "zwart.piet_geen-mail.nl@test.eu", "telephone_number": "+00 00 0000000", "website_url": "http://www.sintpiet.nl/cms/en/staff/56565656"}}, {"model": "centre_registry.contact", "pk": 23, "fields": {"email_address": "zeus@test.eu", "name": "Orion Boss", "edupersonprincipalname": null, "telephone_number": "+11 11 1111111", "website_url": "http://www.goods.gr/people/zeus"}}, {"model": "centre_registry.contact", "pk": 24, "fields": {"email_address": "willemvanalexander@fake.org", "name": "Willem van Alexander", "edupersonprincipalname": null, "telephone_number": "+00 6 66666666", "website_url": ""}}, {"model": "centre_registry.contact", "pk": 25, "fields": {"email_address": "svoboda@fake-mail.cz", "name": "Adina Svoboda", "edupersonprincipalname": null, "telephone_number": "", "website_url": ""}}, {"model": "centre_registry.contact", "pk": 26, "fields": {"email_address": "sancho.pansa@cervantes-fake.es", "name": "Sancho Pansa", "edupersonprincipalname": null, "telephone_number": "+00 40 42424 6432", "website_url": ""}}, {"model": "centre_registry.contact", "pk": 27, "fields": {"email_address": "repo-technical@fakemail.si", "name": "Jan Valek", "edupersonprincipalname": null, "telephone_number": "", "website_url": ""}}, {"model": "centre_registry.contact", "pk": 28, "fields": {"email_address": "mikhail.kowalczyk@fake-mail.pl", "name": "Mikhail Kowalczyk", "edupersonprincipalname": null, "telephone_number": "+00 22 333 22 22", "website_url": ""}}, {"model": "centre_registry.contact", "pk": 29, "fields": {"email_address": "krilin@fantasy.ee", "name": "Kristina Lindenberg", "edupersonprincipalname": null, "telephone_number": "", "website_url": ""}}, {"model": "centre_registry.contact", "pk": 30, "fields": {"email_address": "kjell@fake-mail.no", "name": "Kjell Hansen", "edupersonprincipalname": null, "telephone_number": "+00 11 22 33 44", "website_url": "http://www.imaginary-site.no/personer/Kjell_Hansen"}}, {"model": "centre_registry.contact", "pk": 31, "fields": {"email_address": "joshua@fake-email.org", "name": "Joshua Lebush", "edupersonprincipalname": null, "telephone_number": "+00 11111111", "website_url": ""}}, {"model": "centre_registry.contact", "pk": 32, "fields": {"email_address": "joana@gmail.com", "name": "Joana Maria Carneiro", "edupersonprincipalname": null, "telephone_number": "", "website_url": ""}}, {"model": "centre_registry.contact", "pk": 33, "fields": {"email_address": "jan.vertonghen@fakemail.nl", "name": "Jan Vertonghen", "edupersonprincipalname": null, "telephone_number": "+00 00 7654321", "website_url": "http://www.vertonghen.nl/over-het-jan/contact/"}}, {"model": "centre_registry.contact", "pk": 34, "fields": {"email_address": "j.cruyff@geen-uni.nl", "name": "Prof. Johan Cruyff", "edupersonprincipalname": null, "telephone_number": "", "website_url": ""}}, {"model": "centre_registry.contact", "pk": 35, "fields": {"email_address": "ivan@fake-email.no", "name": "Ivan Shawbly", "edupersonprincipalname": null, "telephone_number": "", "website_url": ""}}, {"model": "centre_registry.contact", "pk": 36, "fields": {"email_address": "groen.piet@geen-mail.nl", "name": "Groen Piet", "edupersonprincipalname": null, "telephone_number": "+00 6 1234567", "website_url": "http://www.sint.nl/content/contact/medewerkers/groenpiet"}}, {"model": "centre_registry.contact", "pk": 37, "fields": {"email_address": "finfin@fake-fin.fi", "name": "N.N. (FIN-FINISH)", "edupersonprincipalname": null, "telephone_number": "+31 71 5272481", "website_url": ""}}, {"model": "centre_registry.contact", "pk": 38, "fields": {"email_address": "esteves@fake-name.cz", "name": "José Esteves", "edupersonprincipalname": null, "telephone_number": "+31 20 4628550", "website_url": ""}}, {"model": "centre_registry.contact", "pk": 39, "fields": {"email_address": "contact@fake-id.org", "name": "Filippe Blanco", "edupersonprincipalname": "contact_fake-id.org@test.eu", "telephone_number": "+00 6666666", "website_url": ""}}, {"model": "centre_registry.contact", "pk": 40, "fields": {"email_address": "efischer@fake-mail.ee", "name": "Emma Fischer", "edupersonprincipalname": null, "telephone_number": "", "website_url": ""}}, {"model": "centre_registry.contact", "pk": 41, "fields": {"email_address": "dicktracy@inv.fakemail.de", "name": "Dick Tracy", "edupersonprincipalname": null, "telephone_number": "+00-321-98-76543", "website_url": "http://www.dicktracy.de/fantasy"}}, {"model": "centre_registry.contact", "pk": 42, "fields": {"email_address": "descobertas@non.existing.si", "name": "Tomas Vasco da Gama", "edupersonprincipalname": null, "telephone_number": "+000 1 111 22 33", "website_url": "http://tomas.vasco.si/et/"}}, {"model": "centre_registry.contact", "pk": 43, "fields": {"email_address": "andreas@fake-email.de", "name": "Andreas Jonh", "edupersonprincipalname": null, "telephone_number": "+00 111 1111111", "website_url": "http://www.andreasjonh.de"}}, {"model": "centre_registry.contact", "pk": 44, "fields": {"email_address": "alex@fake-email.de", "name": "Alexander Jonh", "edupersonprincipalname": null, "telephone_number": "+00 12 34567 890", "website_url": ""}}, {"model": "centre_registry.contact", "pk": 45, "fields": {"email_address": "christopher@fake-email.de", "name": "Christopher Reeve", "edupersonprincipalname": null, "telephone_number": "+00 98 7654321", "website_url": ""}}, {"model": "centre_registry.contact", "pk": 46, "fields": {"email_address": "Jakub.Kowalski@fantasy-email.pl", "name": "Jakub Kowalski", "edupersonprincipalname": null, "telephone_number": "+99 88 777 66 55", "website_url": ""}}, {"model": "centre_registry.contact", "pk": 49, "fields": {"email_address": "marta.catrapa@fake-uni.edu", "name": "Marta Catrapa", "edupersonprincipalname": "marta.catrapa_fake-uni.edu@test.eu", "telephone_number": "", "website_url": ""}}, {"model": "centre_registry.consortium", "pk": 1, "fields": {"country": "", "country_code": "DE", "country_name": "Germany", "is_observer": false, "name": "CLARIN-D", "website_url": "http://www.clarin-d.de/", "alias": "de"}}, {"model": "centre_registry.consortium", "pk": 2, "fields": {"country": "", "country_code": "AT", "country_name": "Austria", "is_observer": false, "name": "CLARIN-AT", "website_url": "http://www.oeaw.ac.at/icltt/node/14", "alias": "at"}}, {"model": "centre_registry.consortium", "pk": 3, "fields": {"country": "", "country_code": "CZ", "country_name": "Czech Republic", "is_observer": false, "name": "LINDAT-CLARIN", "website_url": "http://www.lindat.cz/", "alias": "cz"}}, {"model": "centre_registry.consortium", "pk": 4, "fields": {"country": "", "country_code": "DK", "country_name": "Denmark", "is_observer": false, "name": "CLARIN-DK", "website_url": "https://clarin.dk/", "alias": "dk"}}, {"model": "centre_registry.consortium", "pk": 5, "fields": {"country": "", "country_code": "EE", "country_name": "Estonia", "is_observer": false, "name": "CELR", "website_url": "http://keeleressursid.ee/en/", "alias": "ee"}}, {"model": "centre_registry.consortium", "pk": 6, "fields": {"country": "", "country_code": "ES", "country_name": "Spain", "is_observer": true, "name": "", "website_url": "", "alias": ""}}, {"model": "centre_registry.consortium", "pk": 7, "fields": {"country": "", "country_code": "FI", "country_name": "Finland", "is_observer": true, "name": "", "website_url": "http://www.kielipankki.fi/", "alias": ""}}, {"model": "centre_registry.consortium", "pk": 8, "fields": {"country": "", "country_code": "US", "country_name": "United States", "is_observer": true, "name": "", "website_url": "", "alias": ""}}, {"model": "centre_registry.consortium", "pk": 9, "fields": {"country": "", "country_code": "DLU", "country_name": "Dutch Language Union", "is_observer": false, "name": "Dutch Language Union", "website_url": "http://taalunie.org/wat-doet-taalunie/activiteiten/clarin", "alias": "dlu"}}, {"model": "centre_registry.consortium", "pk": 10, "fields": {"country": "", "country_code": "NL", "country_name": "The Netherlands", "is_observer": false, "name": "CLARIN-NL", "website_url": "http://www.clarin.nl/", "alias": "nl"}}, {"model": "centre_registry.consortium", "pk": 11, "fields": {"country": "", "country_code": "PL", "country_name": "Poland", "is_observer": false, "name": "CLARIN-PL", "website_url": "http://www.clarin-pl.eu/", "alias": "pl"}}, {"model": "centre_registry.consortium", "pk": 12, "fields": {"country": "", "country_code": "GB", "country_name": "United Kingdom", "is_observer": true, "name": "", "website_url": "", "alias": ""}}, {"model": "centre_registry.consortium", "pk": 13, "fields": {"country": "", "country_code": "BG", "country_name": "Bulgaria", "is_observer": false, "name": "BG-CLARIN", "website_url": "http://www.nrri-bg.com/infrastructures/bg-clarin", "alias": ""}}, {"model": "centre_registry.consortium", "pk": 14, "fields": {"country": "", "country_code": "NO", "country_name": "Norway", "is_observer": true, "name": "CLARINO", "website_url": "http://clarin.b.uib.no/", "alias": "no"}}, {"model": "centre_registry.consortium", "pk": 15, "fields": {"country": "", "country_code": "LT", "country_name": "Lithuania", "is_observer": false, "name": "CLARIN-LT", "website_url": "http://tekstynas.vdu.lt/", "alias": ""}}, {"model": "centre_registry.consortium", "pk": 16, "fields": {"country": "", "country_code": "PT", "country_name": "Portugal", "is_observer": false, "name": "CLARIN-Portugal", "website_url": "", "alias": ""}}, {"model": "centre_registry.consortium", "pk": 17, "fields": {"country": "", "country_code": "FR", "country_name": "France", "is_observer": true, "name": "", "website_url": "", "alias": ""}}, {"model": "centre_registry.centretype", "pk": 1, "fields": {"type": "B"}}, {"model": "centre_registry.centretype", "pk": 2, "fields": {"type": "E"}}, {"model": "centre_registry.centretype", "pk": 3, "fields": {"type": "C"}}, {"model": "centre_registry.centretype", "pk": 5, "fields": {"type": "K"}}, {"model": "centre_registry.centretype", "pk": 6, "fields": {"type": "L"}}, {"model": "centre_registry.centretype", "pk": 7, "fields": {"type": "A"}}, {"model": "centre_registry.organisation", "pk": 1, "fields": {"organisation_name": "Abteilung Automatische Sprachverarbeitung", "institution": "Universität Leipzig", "working_unit": "Institut für Informatik"}}, {"model": "centre_registry.organisation", "pk": 2, "fields": {"organisation_name": "Bayerisches Archiv für Sprachsignale", "institution": "Ludwig-Maximilians-Universität München", "working_unit": "BAS CLARIN-D Centre"}}, {"model": "centre_registry.organisation", "pk": 3, "fields": {"organisation_name": "Berlin-Brandenburg Academy of Sciences and Humanities", "institution": "Union of the German academies of sciences and humanities ", "working_unit": "Deutsches Textarchiv"}}, {"model": "centre_registry.organisation", "pk": 4, "fields": {"organisation_name": "Austrian Academy of Sciences", "institution": "Institute for Corpus Linguistics and Text Technology", "working_unit": "ICLTT"}}, {"model": "centre_registry.organisation", "pk": 5, "fields": {"organisation_name": "Eesti Keeleressursside Keskus", "institution": "University of Tartu", "working_unit": "Eesti Keeleressursside Keskus"}}, {"model": "centre_registry.organisation", "pk": 6, "fields": {"organisation_name": "University of Copenhagen", "institution": "Faculty of Humanities", "working_unit": "Center for Sprogteknologi"}}, {"model": "centre_registry.organisation", "pk": 7, "fields": {"organisation_name": "Institute of Informatics", "institution": "Wroclaw University of Technology ", "working_unit": "CLARIN-PL"}}, {"model": "centre_registry.organisation", "pk": 8, "fields": {"organisation_name": "TalkBank", "institution": "Carnegie Mellon University ", "working_unit": "Psychology and Language Technologies Institute"}}, {"model": "centre_registry.organisation", "pk": 9, "fields": {"organisation_name": "Data Archiving and Networked Services", "institution": "Royal Netherlands Academy of Arts and Sciences", "working_unit": "DANS"}}, {"model": "centre_registry.organisation", "pk": 10, "fields": {"organisation_name": "HLT Agency", "institution": "Dutch Language Union", "working_unit": "HLT Agency"}}, {"model": "centre_registry.organisation", "pk": 11, "fields": {"organisation_name": "Eberhard Karls Universität Tübingen ", "institution": "Seminar für Sprachwissenschaft", "working_unit": "Allgemeine Sprachwissenschaft und Computerlinguistik "}}, {"model": "centre_registry.organisation", "pk": 12, "fields": {"organisation_name": "The Department of Modern Languages", "institution": "University of Helsinki (UHEL) ", "working_unit": "FIN-CLARIN"}}, {"model": "centre_registry.organisation", "pk": 13, "fields": {"organisation_name": "http://www.fz-juelich.de/ias/jsc/EN/Home/home_node.html", "institution": "Institute for Advanced Simulation", "working_unit": "Jülich Supercomputing Centre"}}, {"model": "centre_registry.organisation", "pk": 14, "fields": {"organisation_name": "Gesellschaft für wissenschaftliche Datenverarbeitung mbH", "institution": "Gesellschaft für wissenschaftliche Datenverarbeitung mbH", "working_unit": "Gesellschaft für wissenschaftliche Datenverarbeitung mbH"}}, {"model": "centre_registry.organisation", "pk": 15, "fields": {"organisation_name": "Hamburger Zentrum für Sprachkorpora", "institution": "Universität Hamburg", "working_unit": "HZSK CLARIN D-Centre"}}, {"model": "centre_registry.organisation", "pk": 16, "fields": {"organisation_name": "Huygens Institute for the History of the Netherlands", "institution": "Royal Dutch Academy of Sciences", "working_unit": "Huygens ING"}}, {"model": "centre_registry.organisation", "pk": 17, "fields": {"organisation_name": "Institut für Deutsche Sprache", "institution": "Leibniz Gemeinschaft", "working_unit": "Institut für Deutsche Sprache"}}, {"model": "centre_registry.organisation", "pk": 18, "fields": {"organisation_name": "Institut für Maschinelle Sprachverarbeitung ", "institution": "Universität Stuttgart", "working_unit": "Lehrstuhl Grundlagen der Computerlinguistik "}}, {"model": "centre_registry.organisation", "pk": 19, "fields": {"organisation_name": "Instituut voor Nederlandse Lexicologie", "institution": "Instituut voor Nederlandse Lexicologie", "working_unit": "Instituut voor Nederlandse Lexicologie"}}, {"model": "centre_registry.organisation", "pk": 20, "fields": {"organisation_name": "ÚFAL MFF UK - Linguistics", "institution": "Univerzita Karlova v Praze", "working_unit": "LINDAT/CLARIN"}}, {"model": "centre_registry.organisation", "pk": 21, "fields": {"organisation_name": "Meertens Instituut", "institution": "Royal Netherlands Academy of Arts and Sciences", "working_unit": "Meertens Instituut"}}, {"model": "centre_registry.organisation", "pk": 22, "fields": {"organisation_name": "Max Planck Institute for Psycholinguistics", "institution": "Max Planck Gesellschaft (MPG)", "working_unit": "The Language Archive"}}, {"model": "centre_registry.organisation", "pk": 23, "fields": {"organisation_name": "Oxford Text Archive ", "institution": "University of Oxford", "working_unit": "IT Services"}}, {"model": "centre_registry.organisation", "pk": 24, "fields": {"organisation_name": "Rechenzentrum der Max-Planck-Gesellschaft am Max-Planck-Institut für Plasmaphysik ", "institution": "Max Planck Gesellschaft", "working_unit": "RZG"}}, {"model": "centre_registry.organisation", "pk": 25, "fields": {"organisation_name": "Laboratoire Parole et Langage (LPL)", "institution": "Centre National de la Recherche Scientifique (CNRS) and Aix-Marseille University", "working_unit": "UMR 7309"}}, {"model": "centre_registry.organisation", "pk": 26, "fields": {"organisation_name": "The Netherlands CLARIN Office", "institution": "Utrecht University", "working_unit": "UiL-OTS"}}, {"model": "centre_registry.organisation", "pk": 27, "fields": {"organisation_name": "Institut Universitari de Lingüística Aplicada", "institution": "Universitat Pompeu Fabra", "working_unit": "Institut Universitari de Lingüística Aplicada"}}, {"model": "centre_registry.organisation", "pk": 28, "fields": {"organisation_name": "Fachrichtung 4.6", "institution": "Universität des Saarlandes", "working_unit": "Englische Sprach- und Übersetzungswissenschaft"}}, {"model": "centre_registry.historicalcertificationstatus", "pk": 1, "fields": {"id": 1, "status": "Certified", "history_date": "2025-04-23T17:38:25.605Z", "history_change_reason": null, "history_type": "+", "history_user": null}}, {"model": "centre_registry.historicalcertificationstatus", "pk": 2, "fields": {"id": 2, "status": "Pending", "history_date": "2025-04-23T17:38:25.606Z", "history_change_reason": null, "history_type": "+", "history_user": null}}, {"model": "centre_registry.historicalcertificationstatus", "pk": 3, "fields": {"id": 3, "status": "Pending (recertification)", "history_date": "2025-04-23T17:38:25.607Z", "history_change_reason": null, "history_type": "+", "history_user": null}}, {"model": "centre_registry.historicalcertificationstatus", "pk": 4, "fields": {"id": 4, "status": "Suspended", "history_date": "2025-04-23T17:38:25.608Z", "history_change_reason": null, "history_type": "+", "history_user": null}}, {"model": "centre_registry.historicalcertificationstatus", "pk": 5, "fields": {"id": 5, "status": "Archived", "history_date": "2025-04-23T17:38:25.609Z", "history_change_reason": null, "history_type": "+", "history_user": null}}, {"model": "centre_registry.historicalcertificationstatus", "pk": 6, "fields": {"id": 6, "status": "Placeholder", "history_date": "2025-04-23T17:38:25.610Z", "history_change_reason": null, "history_type": "+", "history_user": null}}, {"model": "centre_registry.certificationstatus", "pk": 1, "fields": {"status": "Certified"}}, {"model": "centre_registry.certificationstatus", "pk": 2, "fields": {"status": "Pending"}}, {"model": "centre_registry.certificationstatus", "pk": 3, "fields": {"status": "Pending (recertification)"}}, {"model": "centre_registry.certificationstatus", "pk": 4, "fields": {"status": "Suspended"}}, {"model": "centre_registry.certificationstatus", "pk": 5, "fields": {"status": "Archived"}}, {"model": "centre_registry.certificationstatus", "pk": 6, "fields": {"status": "Placeholder"}}, {"model": "centre_registry.historicalcentre", "pk": 1, "fields": {"id": 4, "name": "ASV Leipzig", "shorthand": "ASV", "address": "Augustusplatz 10", "postal_code": "04109", "city": "Leipzig", "country": "", "latitude": "51.338548", "longitude": "12.378735", "type_status_comment": "", "requires_manual_certificate_validation": false, "website_url": "http://asv.informatik.uni-leipzig.de/", "description": "", "expertise": "monolingual corpora, text mining", "type_certificate_url": "http://hdl.handle.net/1839/00-DOCS.CLARIN.EU-88", "dsa_url": "https://assessment.datasealofapproval.org/assessment_88/seal/html/", "pid_status": "Handle via EPIC.", "long_term_archiving_policy": "Providing long-term archiving services.", "repository_system": "Fedora Commons", "strict_versioning": false, "organisation_fk": 1, "consortium": 1, "administrative_contact": 6, "technical_contact": 7, "history_date": "2025-04-23T17:38:25.616Z", "history_change_reason": null, "history_type": "~", "history_user": null}}, {"model": "centre_registry.historicalcentre", "pk": 2, "fields": {"id": 5, "name": "Bayerisches Archiv für Sprachsignale", "shorthand": "BAS", "address": "Schellingstraße 3", "postal_code": "80799", "city": "München", "country": "", "latitude": "48.149216", "longitude": "11.579364", "type_status_comment": "", "requires_manual_certificate_validation": false, "website_url": "http://www.phonetik.uni-muenchen.de/forschung/bay_arch_sprsig/index.html", "description": "", "expertise": "Speech data processing, web services and tools for spoken language, corpus production and validation, curation of external speech corpora, consulting and teaching.", "type_certificate_url": "http://hdl.handle.net/1839/00-DOCS.CLARIN.EU-89", "dsa_url": "https://assessment.datasealofapproval.org/assessment_83/seal/html/", "pid_status": "Handle via EPIC.", "long_term_archiving_policy": "", "repository_system": "Custom.", "strict_versioning": true, "organisation_fk": 2, "consortium": 1, "administrative_contact": 8, "technical_contact": 9, "history_date": "2025-04-23T17:38:25.620Z", "history_change_reason": null, "history_type": "~", "history_user": null}}, {"model": "centre_registry.historicalcentre", "pk": 3, "fields": {"id": 6, "name": "Berlin-Brandenburg Academy of Sciences and Humanities", "shorthand": "BBAW", "address": "Jägerstraße 23", "postal_code": "10117", "city": "Berlin", "country": "", "latitude": "52.514156", "longitude": "13.394324", "type_status_comment": "", "requires_manual_certificate_validation": false, "website_url": "http://www.bbaw.de/", "description": "", "expertise": "TEI encoding", "type_certificate_url": "http://hdl.handle.net/1839/00-DOCS.CLARIN.EU-93", "dsa_url": "https://assessment.datasealofapproval.org/assessment_87/seal/html/", "pid_status": "Handle via EPIC.", "long_term_archiving_policy": "", "repository_system": "Fedora Commons", "strict_versioning": true, "organisation_fk": 3, "consortium": 1, "administrative_contact": 10, "technical_contact": 11, "history_date": "2025-04-23T17:38:25.626Z", "history_change_reason": null, "history_type": "~", "history_user": null}}, {"model": "centre_registry.historicalcentre", "pk": 4, "fields": {"id": 2, "name": "CLARIN Centre Vienna", "shorthand": "CCV", "address": "Sonnenfelsgasse 19", "postal_code": "1010", "city": "Wien", "country": "", "latitude": "48.209279", "longitude": "16.377077", "type_status_comment": "", "requires_manual_certificate_validation": false, "website_url": "http://clarin.oeaw.ac.at/ccv/", "description": "Main Centre in CLARIN-AT, providing infrastructural services and access to CLARIN-AT language resources. ", "expertise": "corpus linguistics, lexicography, CMDI, controlled vocabularies", "type_certificate_url": "http://hdl.handle.net/1839/00-DOCS.CLARIN.EU-105", "dsa_url": "https://assessment.datasealofapproval.org/assessment_121/seal/html/", "pid_status": "Handle via EPIC.", "long_term_archiving_policy": "", "repository_system": "Fedora Commons", "strict_versioning": false, "organisation_fk": 4, "consortium": 2, "administrative_contact": 2, "technical_contact": 3, "history_date": "2025-04-23T17:38:25.631Z", "history_change_reason": null, "history_type": "~", "history_user": null}}, {"model": "centre_registry.historicalcentre", "pk": 5, "fields": {"id": 15, "name": "Center of Estonian Language Resources", "shorthand": "CELR/EKK", "address": "Juhan Liivi 2-340", "postal_code": "50409", "city": "Tartu", "country": "", "latitude": "58.378389", "longitude": "26.714716", "type_status_comment": "Aiming for B. ", "requires_manual_certificate_validation": false, "website_url": "http://www.keeleressursid.ee/", "description": "", "expertise": "corpora, lexica, tools, Estonian", "type_certificate_url": "", "dsa_url": "", "pid_status": "Handle (own server and prefix: 11297).", "long_term_archiving_policy": "", "repository_system": "Fedora Commons", "strict_versioning": false, "organisation_fk": 5, "consortium": 5, "administrative_contact": 26, "technical_contact": 27, "history_date": "2025-04-23T17:38:25.636Z", "history_change_reason": null, "history_type": "~", "history_user": null}}, {"model": "centre_registry.historicalcentre", "pk": 6, "fields": {"id": 14, "name": "The CLARIN Centre at University of Copenhagen", "shorthand": "CLARIN-DK-UCPH", "address": "Njalsgade 140", "postal_code": "2300", "city": "København", "country": "", "latitude": "55.661566", "longitude": "12.591780", "type_status_comment": "", "requires_manual_certificate_validation": false, "website_url": "http://clarin.dk/", "description": "", "expertise": "multimodal communication, corpus linguistics, text tools", "type_certificate_url": "http://hdl.handle.net/1839/00-DOCS.CLARIN.EU-100", "dsa_url": "https://assessment.datasealofapproval.org/assessment_105/seal/html/", "pid_status": "Handle (own server and prefix: 11221).", "long_term_archiving_policy": "", "repository_system": "eSciDoc, based on Fedora Commons.", "strict_versioning": true, "organisation_fk": 6, "consortium": 4, "administrative_contact": 24, "technical_contact": 25, "history_date": "2025-04-23T17:38:25.638Z", "history_change_reason": null, "history_type": "~", "history_user": null}}, {"model": "centre_registry.historicalcentre", "pk": 7, "fields": {"id": 25, "name": "CLARIN-PL Language Technology Centre", "shorthand": "CLARIN-PL1", "address": "wybrzeże Stanisława Wyspiańskiego 27", "postal_code": "50-370", "city": "Wrocław", "country": "", "latitude": "51.107122", "longitude": "17.063023", "type_status_comment": "Aiming for B. ", "requires_manual_certificate_validation": false, "website_url": "http://nlp.pwr.wroc.pl/en/projects/clarin", "description": "Main Centre in CLARIN-PL, providing infrastructural services and access to CLARIN-PL language resources. ", "expertise": "various domains of language technology, language engineering, computational linguistics, lexicography\t", "type_certificate_url": "", "dsa_url": "https://assessment.datasealofapproval.org/assessment_149/seal/html/", "pid_status": "Planned, Handle via EPIC.", "long_term_archiving_policy": "", "repository_system": "DSpace, LINDAT/CLARIN extensions", "strict_versioning": false, "organisation_fk": 7, "consortium": 11, "administrative_contact": 40, "technical_contact": 41, "history_date": "2025-04-23T17:38:25.644Z", "history_change_reason": null, "history_type": "~", "history_user": null}}, {"model": "centre_registry.historicalcentre", "pk": 8, "fields": {"id": 18, "name": "CMU-TalkBank", "shorthand": "CMU", "address": "5000 Forbes Avenue", "postal_code": "PA 15213", "city": "Pittsburgh", "country": "", "latitude": "40.440988", "longitude": "-79.94231", "type_status_comment": "", "requires_manual_certificate_validation": false, "website_url": "http://www.talkbank.org/", "description": "TalkBank data and tools.", "expertise": "", "type_certificate_url": "http://hdl.handle.net/1839/00-DOCS.CLARIN.EU-109", "dsa_url": "https://assessment.datasealofapproval.org/assessment_111/seal/html/", "pid_status": "Handle (own server and prefix: 11312).", "long_term_archiving_policy": "", "repository_system": "GIT", "strict_versioning": false, "organisation_fk": 8, "consortium": 8, "administrative_contact": 32, "technical_contact": 31, "history_date": "2025-04-23T17:38:25.649Z", "history_change_reason": null, "history_type": "~", "history_user": null}}, {"model": "centre_registry.historicalcentre", "pk": 9, "fields": {"id": 20, "name": "Data Archiving and Networked Services", "shorthand": "DANS", "address": "Anna van Saksenlaan 51", "postal_code": "2593 HW", "city": "Den Haag", "country": "", "latitude": "52.080776", "longitude": "4.345627", "type_status_comment": "Aiming for B.", "requires_manual_certificate_validation": false, "website_url": "http://dans.knaw.nl/", "description": "", "expertise": "Sustainable access to digital research data, training and advice, and performs research into sustained access to digital information.", "type_certificate_url": "", "dsa_url": "", "pid_status": "", "long_term_archiving_policy": "", "repository_system": "EASY, based on Fedora Commons.", "strict_versioning": false, "organisation_fk": 9, "consortium": 10, "administrative_contact": 34, "technical_contact": 34, "history_date": "2025-04-23T17:38:25.656Z", "history_change_reason": null, "history_type": "~", "history_user": null}}, {"model": "centre_registry.historicalcentre", "pk": 10, "fields": {"id": 19, "name": "Dutch-Flemish Human Language Technology Agency", "shorthand": "DLU", "address": "Lange Voorhout 19", "postal_code": "2514 EB", "city": "Den Haag", "country": "", "latitude": "52.082325", "longitude": "4.312237", "type_status_comment": "Aiming for B.", "requires_manual_certificate_validation": false, "website_url": "http://www.tst-centrale.org/", "description": "The HLT Agency manages, maintains, distributes and supports digital Dutch language resources such as corpora, lexica and tools. The HLT Agency is the Dutch Language Union's CLARIN Centre. ", "expertise": "", "type_certificate_url": "", "dsa_url": "", "pid_status": "", "long_term_archiving_policy": "", "repository_system": "", "strict_versioning": false, "organisation_fk": 10, "consortium": 9, "administrative_contact": 33, "technical_contact": 33, "history_date": "2025-04-23T17:38:25.660Z", "history_change_reason": null, "history_type": "~", "history_user": null}}, {"model": "centre_registry.historicalcentre", "pk": 11, "fields": {"id": 1, "name": "Eberhard Karls Universität Tübingen", "shorthand": "EKUT", "address": "Wilhelmstraße 19-23", "postal_code": "72074", "city": "Tübingen", "country": "", "latitude": "48.527037", "longitude": "9.062002", "type_status_comment": "", "requires_manual_certificate_validation": false, "website_url": "http://www.sfs.uni-tuebingen.de/", "description": "", "expertise": "corpus linguistics", "type_certificate_url": "http://hdl.handle.net/1839/00-DOCS.CLARIN.EU-87", "dsa_url": "https://assessment.datasealofapproval.org/assessment_82/seal/html/", "pid_status": "Handle via EPIC.", "long_term_archiving_policy": "None.", "repository_system": "Fedora Commons", "strict_versioning": true, "organisation_fk": 11, "consortium": 1, "administrative_contact": 1, "technical_contact": 1, "history_date": "2025-04-23T17:38:25.664Z", "history_change_reason": null, "history_type": "~", "history_user": null}}, {"model": "centre_registry.historicalcentre", "pk": 12, "fields": {"id": 17, "name": "The Language Bank of Finland", "shorthand": "FIN-CLARIN", "address": "Unioninkatu 40", "postal_code": "00170", "city": "Helsinki", "country": "", "latitude": "60.172839", "longitude": "24.950366", "type_status_comment": "Aiming for B.", "requires_manual_certificate_validation": false, "website_url": "http://www.kielipankki.fi/", "description": "Offers Finnish META-SHARE content.", "expertise": "computational linguistics, finite-state morphology, dependency parsing, corpora, WordNet", "type_certificate_url": "", "dsa_url": "", "pid_status": "URN:NBN and Handle (prefix: 11113).", "long_term_archiving_policy": "", "repository_system": "LAT", "strict_versioning": false, "organisation_fk": 12, "consortium": 7, "administrative_contact": 29, "technical_contact": 30, "history_date": "2025-04-23T17:38:25.668Z", "history_change_reason": null, "history_type": "~", "history_user": null}}, {"model": "centre_registry.historicalcentre", "pk": 13, "fields": {"id": 7, "name": "Forschungzentrum Jülich", "shorthand": "FZJ", "address": "IEK-7, Wilhelm-Johnen-Straße", "postal_code": "52428", "city": "Jülich", "country": "", "latitude": "50.905369", "longitude": "6.404938", "type_status_comment": "", "requires_manual_certificate_validation": false, "website_url": "http://www.fz-juelich.de/ias/jsc/EN/Home/home_node.html", "description": "", "expertise": "web service monitoring", "type_certificate_url": "", "dsa_url": "", "pid_status": "", "long_term_archiving_policy": "", "repository_system": "", "strict_versioning": false, "organisation_fk": 13, "consortium": 1, "administrative_contact": 12, "technical_contact": 12, "history_date": "2025-04-23T17:38:25.672Z", "history_change_reason": null, "history_type": "~", "history_user": null}}, {"model": "centre_registry.historicalcentre", "pk": 14, "fields": {"id": 8, "name": "Gesellschaft für wissenschaftliche Datenverarbeitung mbH", "shorthand": "GWDG", "address": "Am Faßberg 11", "postal_code": "37077", "city": "Göttingen", "country": "", "latitude": "51.562323", "longitude": "9.970938", "type_status_comment": "", "requires_manual_certificate_validation": false, "website_url": "http://www.gwdg.de/", "description": "", "expertise": "PIDs/EPIC, hosting, data storage", "type_certificate_url": "", "dsa_url": "", "pid_status": "", "long_term_archiving_policy": "", "repository_system": "", "strict_versioning": false, "organisation_fk": 14, "consortium": 1, "administrative_contact": 13, "technical_contact": 13, "history_date": "2025-04-23T17:38:25.675Z", "history_change_reason": null, "history_type": "~", "history_user": null}}, {"model": "centre_registry.historicalcentre", "pk": 15, "fields": {"id": 9, "name": "Hamburger Zentrum für Sprachkorpora", "shorthand": "HZSK", "address": "Max-Brauer-Allee 60", "postal_code": "22765", "city": "Hamburg", "country": "", "latitude": "53.553724", "longitude": "9.939426", "type_status_comment": "", "requires_manual_certificate_validation": false, "website_url": "http://www.corpora.uni-hamburg.de/", "description": "", "expertise": "linguistic tools, multimedia and multimodal data, spoken language corpora", "type_certificate_url": "http://hdl.handle.net/1839/00-DOCS.CLARIN.EU-94", "dsa_url": "https://assessment.datasealofapproval.org/assessment_79/seal/html/", "pid_status": "Handle via EPIC.", "long_term_archiving_policy": "", "repository_system": "Fedora Commons", "strict_versioning": false, "organisation_fk": 15, "consortium": 1, "administrative_contact": 14, "technical_contact": 15, "history_date": "2025-04-23T17:38:25.680Z", "history_change_reason": null, "history_type": "~", "history_user": null}}, {"model": "centre_registry.historicalcentre", "pk": 16, "fields": {"id": 21, "name": "Huygens ING", "shorthand": "Huygens", "address": "Prins Willem-Alexanderhof 5", "postal_code": "2595 BE", "city": "Den Haag", "country": "", "latitude": "52.081972", "longitude": "4.327001", "type_status_comment": "", "requires_manual_certificate_validation": false, "website_url": "http://www.huygens.knaw.nl/", "description": "", "expertise": "political and institutional history, literature and letters, history of science", "type_certificate_url": "http://hdl.handle.net/1839/00-DOCS.CLARIN.EU-110", "dsa_url": "https://assessment.datasealofapproval.org/assessment_124/seal/html/", "pid_status": "Handle (own server and prefix: 11240).", "long_term_archiving_policy": "", "repository_system": "Custom.", "strict_versioning": false, "organisation_fk": 16, "consortium": 10, "administrative_contact": 35, "technical_contact": 35, "history_date": "2025-04-23T17:38:25.685Z", "history_change_reason": null, "history_type": "~", "history_user": null}}, {"model": "centre_registry.historicalcentre", "pk": 17, "fields": {"id": 11, "name": "Institut für Deutsche Sprache", "shorthand": "IDS", "address": "R5 6-13", "postal_code": "68161", "city": "Mannheim", "country": "", "latitude": "49.488122", "longitude": "8.472311", "type_status_comment": "", "requires_manual_certificate_validation": false, "website_url": "http://www.ids-mannheim.de/", "description": "Providing long-term storage of Germanic language resources.", "expertise": "language archives, linguistic tools, long-term preservation, multimedia and multimodal data \t", "type_certificate_url": "http://hdl.handle.net/1839/00-DOCS.CLARIN.EU-90", "dsa_url": "https://assessment.datasealofapproval.org/assessment_85/seal/html/", "pid_status": "Handle (own server and prefix: 10932).", "long_term_archiving_policy": "", "repository_system": "Fedora Commons", "strict_versioning": true, "organisation_fk": 17, "consortium": 1, "administrative_contact": 18, "technical_contact": 19, "history_date": "2025-04-23T17:38:25.690Z", "history_change_reason": null, "history_type": "~", "history_user": null}}, {"model": "centre_registry.historicalcentre", "pk": 18, "fields": {"id": 10, "name": "Institut für Maschinelle Sprachverarbeitung", "shorthand": "IMS", "address": "Pfaffenwaldring 5b", "postal_code": "70569", "city": "Stuttgart", "country": "", "latitude": "48.746750", "longitude": "9.108240", "type_status_comment": "", "requires_manual_certificate_validation": false, "website_url": "http://www.ims.uni-stuttgart.de/", "description": "", "expertise": "linguistically annotated corpora, corpus tools, tools and methods for robust morphological and syntactic analysis of multiple languages.", "type_certificate_url": "http://hdl.handle.net/1839/00-DOCS.CLARIN.EU-95", "dsa_url": "https://assessment.datasealofapproval.org/assessment_86/seal/html/", "pid_status": "Handle via EPIC.", "long_term_archiving_policy": "", "repository_system": "Fedora Commons", "strict_versioning": false, "organisation_fk": 18, "consortium": 1, "administrative_contact": 16, "technical_contact": 17, "history_date": "2025-04-23T17:38:25.694Z", "history_change_reason": null, "history_type": "~", "history_user": null}}, {"model": "centre_registry.historicalcentre", "pk": 19, "fields": {"id": 22, "name": "Instituut voor Nederlandse Lexicologie", "shorthand": "INL", "address": "Matthias de Vrieshof 3", "postal_code": "2311 BZ", "city": "Leiden", "country": "", "latitude": "52.158137", "longitude": "4.480772", "type_status_comment": "", "requires_manual_certificate_validation": false, "website_url": "http://www.inl.nl/", "description": "", "expertise": "knowledge bank of Dutch vocabulary, the Dutch Language Database, large Dutch corpora, all areas of Dutch linguistics, corpus linguistics, language resource standards, Toolbox for Lexicon Building", "type_certificate_url": "", "dsa_url": "https://assessment.datasealofapproval.org/assessment_106/seal/html/", "pid_status": "Handle (own server and prefix: 10032).", "long_term_archiving_policy": "", "repository_system": "DSpace", "strict_versioning": false, "organisation_fk": 19, "consortium": 10, "administrative_contact": 36, "technical_contact": 37, "history_date": "2025-04-23T17:38:25.698Z", "history_change_reason": null, "history_type": "~", "history_user": null}}, {"model": "centre_registry.historicalcentre", "pk": 20, "fields": {"id": 3, "name": "LINDAT/CLARIN", "shorthand": "LINDAT", "address": "Malostranské náměstí 25", "postal_code": "118 00", "city": "Praha", "country": "", "latitude": "50.088521", "longitude": "14.403265", "type_status_comment": "", "requires_manual_certificate_validation": false, "website_url": "http://lindat.mff.cuni.cz/", "description": "", "expertise": "computational linguistics, language resources, natural language processing, linguistic annotation, machine translation, machine learning, information retrieval, tagging/parsing, semantics ", "type_certificate_url": "http://hdl.handle.net/1839/00-DOCS.CLARIN.EU-99", "dsa_url": "http://assessment.datasealofapproval.org/assessment_92/seal/html/", "pid_status": "Handle via EPIC.", "long_term_archiving_policy": "", "repository_system": "DSpace", "strict_versioning": false, "organisation_fk": 20, "consortium": 3, "administrative_contact": 4, "technical_contact": 5, "history_date": "2025-04-23T17:38:25.702Z", "history_change_reason": null, "history_type": "~", "history_user": null}}, {"model": "centre_registry.historicalcentre", "pk": 21, "fields": {"id": 23, "name": "Meertens Instituut", "shorthand": "MI", "address": "Joan Muyskenweg 25", "postal_code": "1096 CJ", "city": "Amsterdam", "country": "", "latitude": "52.331909", "longitude": "4.914635", "type_status_comment": "", "requires_manual_certificate_validation": false, "website_url": "http://www.meertens.knaw.nl/", "description": "", "expertise": "language variation and culture", "type_certificate_url": "http://hdl.handle.net/1839/00-DOCS.CLARIN.EU-106", "dsa_url": "https://assessment.datasealofapproval.org/assessment_100/seal/html/", "pid_status": "Handle via EPIC (own prefix: 10744).", "long_term_archiving_policy": "Providing long-term archiving services.", "repository_system": "Custom.", "strict_versioning": false, "organisation_fk": 21, "consortium": 10, "administrative_contact": 38, "technical_contact": 38, "history_date": "2025-04-23T17:38:25.706Z", "history_change_reason": null, "history_type": "~", "history_user": null}}, {"model": "centre_registry.historicalcentre", "pk": 22, "fields": {"id": 24, "name": "MPI for Psycholinguistics", "shorthand": "MPI-PL", "address": "Wundtlaan 1", "postal_code": "6525 XD", "city": "Nijmegen", "country": "", "latitude": "51.818046", "longitude": "5.857079", "type_status_comment": "", "requires_manual_certificate_validation": false, "website_url": "https://tla.mpi.nl/", "description": "", "expertise": "language archives, linguistic tools, long-term preservation, multimedia and multimodal data", "type_certificate_url": "http://hdl.handle.net/1839/00-DOCS.CLARIN.EU-91", "dsa_url": "https://assessment.datasealofapproval.org/assessment_48/seal/html", "pid_status": "Handle (own server and prefix: 1839). ", "long_term_archiving_policy": "Long-term preservation.", "repository_system": "LAT", "strict_versioning": true, "organisation_fk": 22, "consortium": 1, "administrative_contact": 39, "technical_contact": 39, "history_date": "2025-04-23T17:38:25.710Z", "history_change_reason": null, "history_type": "~", "history_user": null}}, {"model": "centre_registry.historicalcentre", "pk": 23, "fields": {"id": 26, "name": "Oxford Text Archive", "shorthand": "OTA", "address": "16 Wellington Square", "postal_code": "OX1 2HY", "city": "Oxford", "country": "", "latitude": "51.757571", "longitude": "-1.261824", "type_status_comment": "Aiming for B.", "requires_manual_certificate_validation": false, "website_url": "http://ota.ahds.ac.uk/", "description": "", "expertise": "TEI, text corpora, historic texts", "type_certificate_url": "", "dsa_url": "", "pid_status": "", "long_term_archiving_policy": "", "repository_system": "Custom.", "strict_versioning": false, "organisation_fk": 23, "consortium": 12, "administrative_contact": 42, "technical_contact": 42, "history_date": "2025-04-23T17:38:25.713Z", "history_change_reason": null, "history_type": "~", "history_user": null}}, {"model": "centre_registry.historicalcentre", "pk": 24, "fields": {"id": 12, "name": "Rechenzentrum Garching", "shorthand": "RZG", "address": "Boltzmannstraße 2", "postal_code": "85748", "city": "Garching", "country": "", "latitude": "48.263477", "longitude": "11.671697", "type_status_comment": "", "requires_manual_certificate_validation": false, "website_url": "http://www.rzg.mpg.de/", "description": "", "expertise": "data storage", "type_certificate_url": "", "dsa_url": "", "pid_status": "", "long_term_archiving_policy": "", "repository_system": "", "strict_versioning": false, "organisation_fk": 24, "consortium": 1, "administrative_contact": 20, "technical_contact": 21, "history_date": "2025-04-23T17:38:25.714Z", "history_change_reason": null, "history_type": "~", "history_user": null}}, {"model": "centre_registry.historicalcentre", "pk": 25, "fields": {"id": 28, "name": "Speech & Language Data Repository", "shorthand": "SLDR", "address": "5 avenue Pasteur", "postal_code": "13100", "city": "Aix-en-Provence", "country": "", "latitude": "43.535070", "longitude": "5.446179", "type_status_comment": "", "requires_manual_certificate_validation": false, "website_url": "http://sldr.org/", "description": "SLDR is a repository for oral and linguistic resources aimed at their long-term preservation and sharing", "expertise": "oral and linguistic resources", "type_certificate_url": "", "dsa_url": "", "pid_status": "Handle", "long_term_archiving_policy": "", "repository_system": "Self-developed", "strict_versioning": true, "organisation_fk": 25, "consortium": 17, "administrative_contact": 45, "technical_contact": 46, "history_date": "2025-04-23T17:38:25.717Z", "history_change_reason": null, "history_type": "~", "history_user": null}}, {"model": "centre_registry.historicalcentre", "pk": 26, "fields": {"id": 27, "name": "Utrecht Institute of Linguistics OTS", "shorthand": "UIL-OTS", "address": "Trans 10", "postal_code": "3512 JK ", "city": "Utrecht", "country": "", "latitude": "52.090132", "longitude": "5.122917", "type_status_comment": "Trust Centre, no standard assessment in place", "requires_manual_certificate_validation": false, "website_url": "http://portal.clarin.nl/", "description": "", "expertise": "", "type_certificate_url": "", "dsa_url": "", "pid_status": "", "long_term_archiving_policy": "", "repository_system": "Drupal, but only hosting documentation resources", "strict_versioning": false, "organisation_fk": 26, "consortium": 10, "administrative_contact": 43, "technical_contact": 44, "history_date": "2025-04-23T17:38:25.720Z", "history_change_reason": null, "history_type": "~", "history_user": null}}, {"model": "centre_registry.historicalcentre", "pk": 27, "fields": {"id": 16, "name": "IULA-UPF-CC-CLARIN", "shorthand": "UPF", "address": "Carrer de Roc Boronat, 138", "postal_code": "08018", "city": "Barcelona", "country": "", "latitude": "41.403964", "longitude": "2.193464", "type_status_comment": "", "requires_manual_certificate_validation": false, "website_url": "http://services.iula.upf.edu/", "description": "We offer harvestable machine readable metadata about resources and web services for text enrichement and quantitative text analysis services.", "expertise": "", "type_certificate_url": "", "dsa_url": "", "pid_status": "Handle (own server and prefix: 10230).", "long_term_archiving_policy": "", "repository_system": "DSpace", "strict_versioning": false, "organisation_fk": 27, "consortium": 6, "administrative_contact": 28, "technical_contact": 28, "history_date": "2025-04-23T17:38:25.723Z", "history_change_reason": null, "history_type": "~", "history_user": null}}, {"model": "centre_registry.historicalcentre", "pk": 28, "fields": {"id": 13, "name": "Universität des Saarlandes ", "shorthand": "UdS", "address": "Campus A2.2", "postal_code": "66123", "city": "Saarbrücken", "country": "", "latitude": "49.256004", "longitude": "7.039011", "type_status_comment": "", "requires_manual_certificate_validation": false, "website_url": "http://fedora.clarin-d.uni-saarland.de/", "description": "", "expertise": "Creation and annotation of corpora, empirical corpus linguistics, language variation and register analysis.", "type_certificate_url": "http://hdl.handle.net/1839/00-DOCS.CLARIN.EU-92", "dsa_url": "https://assessment.datasealofapproval.org/assessment_84/seal/html/", "pid_status": "Handle via EPIC.", "long_term_archiving_policy": "", "repository_system": "Fedora Commons", "strict_versioning": false, "organisation_fk": 28, "consortium": 1, "administrative_contact": 22, "technical_contact": 23, "history_date": "2025-04-23T17:38:25.728Z", "history_change_reason": null, "history_type": "~", "history_user": null}}, {"model": "centre_registry.centre", "pk": 1, "fields": {"name": "Eberhard Karls Universität Tübingen", "shorthand": "EKUT", "organisation_fk": 11, "address": "Wilhelmstraße 19-23", "postal_code": "72074", "city": "Tübingen", "country": "", "consortium": 1, "latitude": "48.527037", "longitude": "9.062002", "type_status_comment": "", "requires_manual_certificate_validation": false, "administrative_contact": 1, "technical_contact": 1, "website_url": "http://www.sfs.uni-tuebingen.de/", "description": "", "expertise": "corpus linguistics", "type_certificate_url": "http://hdl.handle.net/1839/00-DOCS.CLARIN.EU-87", "dsa_url": "https://assessment.datasealofapproval.org/assessment_82/seal/html/", "pid_status": "Handle via EPIC.", "long_term_archiving_policy": "None.", "repository_system": "Fedora Commons", "strict_versioning": true, "type": [1], "type_certification_status_fk": [], "assessmentdates": [], "monitoring_contacts": []}}, {"model": "centre_registry.centre", "pk": 2, "fields": {"name": "CLARIN Centre Vienna", "shorthand": "CCV", "organisation_fk": 4, "address": "Sonnenfelsgasse 19", "postal_code": "1010", "city": "Wien", "country": "", "consortium": 2, "latitude": "48.209279", "longitude": "16.377077", "type_status_comment": "", "requires_manual_certificate_validation": false, "administrative_contact": 2, "technical_contact": 3, "website_url": "http://clarin.oeaw.ac.at/ccv/", "description": "Main Centre in CLARIN-AT, providing infrastructural services and access to CLARIN-AT language resources. ", "expertise": "corpus linguistics, lexicography, CMDI, controlled vocabularies", "type_certificate_url": "http://hdl.handle.net/1839/00-DOCS.CLARIN.EU-105", "dsa_url": "https://assessment.datasealofapproval.org/assessment_121/seal/html/", "pid_status": "Handle via EPIC.", "long_term_archiving_policy": "", "repository_system": "Fedora Commons", "strict_versioning": false, "type": [1], "type_certification_status_fk": [], "assessmentdates": [], "monitoring_contacts": [39, 49]}}, {"model": "centre_registry.centre", "pk": 3, "fields": {"name": "LINDAT/CLARIN", "shorthand": "LINDAT", "organisation_fk": 20, "address": "Malostranské náměstí 25", "postal_code": "118 00", "city": "Praha", "country": "", "consortium": 3, "latitude": "50.088521", "longitude": "14.403265", "type_status_comment": "", "requires_manual_certificate_validation": false, "administrative_contact": 4, "technical_contact": 5, "website_url": "http://lindat.mff.cuni.cz/", "description": "", "expertise": "computational linguistics, language resources, natural language processing, linguistic annotation, machine translation, machine learning, information retrieval, tagging/parsing, semantics ", "type_certificate_url": "http://hdl.handle.net/1839/00-DOCS.CLARIN.EU-99", "dsa_url": "http://assessment.datasealofapproval.org/assessment_92/seal/html/", "pid_status": "Handle via EPIC.", "long_term_archiving_policy": "", "repository_system": "DSpace", "strict_versioning": false, "type": [1], "type_certification_status_fk": [], "assessmentdates": [], "monitoring_contacts": []}}, {"model": "centre_registry.centre", "pk": 4, "fields": {"name": "ASV Leipzig", "shorthand": "ASV", "organisation_fk": 1, "address": "Augustusplatz 10", "postal_code": "04109", "city": "Leipzig", "country": "", "consortium": 1, "latitude": "51.338548", "longitude": "12.378735", "type_status_comment": "", "requires_manual_certificate_validation": false, "administrative_contact": 6, "technical_contact": 7, "website_url": "http://asv.informatik.uni-leipzig.de/", "description": "", "expertise": "monolingual corpora, text mining", "type_certificate_url": "http://hdl.handle.net/1839/00-DOCS.CLARIN.EU-88", "dsa_url": "https://assessment.datasealofapproval.org/assessment_88/seal/html/", "pid_status": "Handle via EPIC.", "long_term_archiving_policy": "Providing long-term archiving services.", "repository_system": "Fedora Commons", "strict_versioning": false, "type": [1], "type_certification_status_fk": [], "assessmentdates": [], "monitoring_contacts": [39, 49]}}, {"model": "centre_registry.centre", "pk": 5, "fields": {"name": "Bayerisches Archiv für Sprachsignale", "shorthand": "BAS", "organisation_fk": 2, "address": "Schellingstraße 3", "postal_code": "80799", "city": "München", "country": "", "consortium": 1, "latitude": "48.149216", "longitude": "11.579364", "type_status_comment": "", "requires_manual_certificate_validation": false, "administrative_contact": 8, "technical_contact": 9, "website_url": "http://www.phonetik.uni-muenchen.de/forschung/bay_arch_sprsig/index.html", "description": "", "expertise": "Speech data processing, web services and tools for spoken language, corpus production and validation, curation of external speech corpora, consulting and teaching.", "type_certificate_url": "http://hdl.handle.net/1839/00-DOCS.CLARIN.EU-89", "dsa_url": "https://assessment.datasealofapproval.org/assessment_83/seal/html/", "pid_status": "Handle via EPIC.", "long_term_archiving_policy": "", "repository_system": "Custom.", "strict_versioning": true, "type": [1], "type_certification_status_fk": [], "assessmentdates": [], "monitoring_contacts": [39, 49]}}, {"model": "centre_registry.centre", "pk": 6, "fields": {"name": "Berlin-Brandenburg Academy of Sciences and Humanities", "shorthand": "BBAW", "organisation_fk": 3, "address": "Jägerstraße 23", "postal_code": "10117", "city": "Berlin", "country": "", "consortium": 1, "latitude": "52.514156", "longitude": "13.394324", "type_status_comment": "", "requires_manual_certificate_validation": false, "administrative_contact": 10, "technical_contact": 11, "website_url": "http://www.bbaw.de/", "description": "", "expertise": "TEI encoding", "type_certificate_url": "http://hdl.handle.net/1839/00-DOCS.CLARIN.EU-93", "dsa_url": "https://assessment.datasealofapproval.org/assessment_87/seal/html/", "pid_status": "Handle via EPIC.", "long_term_archiving_policy": "", "repository_system": "Fedora Commons", "strict_versioning": true, "type": [1], "type_certification_status_fk": [], "assessmentdates": [], "monitoring_contacts": [39, 49]}}, {"model": "centre_registry.centre", "pk": 7, "fields": {"name": "Forschungzentrum Jülich", "shorthand": "FZJ", "organisation_fk": 13, "address": "IEK-7, Wilhelm-Johnen-Straße", "postal_code": "52428", "city": "Jülich", "country": "", "consortium": 1, "latitude": "50.905369", "longitude": "6.404938", "type_status_comment": "", "requires_manual_certificate_validation": false, "administrative_contact": 12, "technical_contact": 12, "website_url": "http://www.fz-juelich.de/ias/jsc/EN/Home/home_node.html", "description": "", "expertise": "web service monitoring", "type_certificate_url": "", "dsa_url": "", "pid_status": "", "long_term_archiving_policy": "", "repository_system": "", "strict_versioning": false, "type": [2], "type_certification_status_fk": [], "assessmentdates": [], "monitoring_contacts": []}}, {"model": "centre_registry.centre", "pk": 8, "fields": {"name": "Gesellschaft für wissenschaftliche Datenverarbeitung mbH", "shorthand": "GWDG", "organisation_fk": 14, "address": "Am Faßberg 11", "postal_code": "37077", "city": "Göttingen", "country": "", "consortium": 1, "latitude": "51.562323", "longitude": "9.970938", "type_status_comment": "", "requires_manual_certificate_validation": false, "administrative_contact": 13, "technical_contact": 13, "website_url": "http://www.gwdg.de/", "description": "", "expertise": "PIDs/EPIC, hosting, data storage", "type_certificate_url": "", "dsa_url": "", "pid_status": "", "long_term_archiving_policy": "", "repository_system": "", "strict_versioning": false, "type": [2], "type_certification_status_fk": [], "assessmentdates": [], "monitoring_contacts": [39]}}, {"model": "centre_registry.centre", "pk": 9, "fields": {"name": "Hamburger Zentrum für Sprachkorpora", "shorthand": "HZSK", "organisation_fk": 15, "address": "Max-Brauer-Allee 60", "postal_code": "22765", "city": "Hamburg", "country": "", "consortium": 1, "latitude": "53.553724", "longitude": "9.939426", "type_status_comment": "", "requires_manual_certificate_validation": false, "administrative_contact": 14, "technical_contact": 15, "website_url": "http://www.corpora.uni-hamburg.de/", "description": "", "expertise": "linguistic tools, multimedia and multimodal data, spoken language corpora", "type_certificate_url": "http://hdl.handle.net/1839/00-DOCS.CLARIN.EU-94", "dsa_url": "https://assessment.datasealofapproval.org/assessment_79/seal/html/", "pid_status": "Handle via EPIC.", "long_term_archiving_policy": "", "repository_system": "Fedora Commons", "strict_versioning": false, "type": [1], "type_certification_status_fk": [], "assessmentdates": [], "monitoring_contacts": []}}, {"model": "centre_registry.centre", "pk": 10, "fields": {"name": "Institut für Maschinelle Sprachverarbeitung", "shorthand": "IMS", "organisation_fk": 18, "address": "Pfaffenwaldring 5b", "postal_code": "70569", "city": "Stuttgart", "country": "", "consortium": 1, "latitude": "48.746750", "longitude": "9.108240", "type_status_comment": "", "requires_manual_certificate_validation": false, "administrative_contact": 16, "technical_contact": 17, "website_url": "http://www.ims.uni-stuttgart.de/", "description": "", "expertise": "linguistically annotated corpora, corpus tools, tools and methods for robust morphological and syntactic analysis of multiple languages.", "type_certificate_url": "http://hdl.handle.net/1839/00-DOCS.CLARIN.EU-95", "dsa_url": "https://assessment.datasealofapproval.org/assessment_86/seal/html/", "pid_status": "Handle via EPIC.", "long_term_archiving_policy": "", "repository_system": "Fedora Commons", "strict_versioning": false, "type": [1], "type_certification_status_fk": [], "assessmentdates": [], "monitoring_contacts": []}}, {"model": "centre_registry.centre", "pk": 11, "fields": {"name": "Institut für Deutsche Sprache", "shorthand": "IDS", "organisation_fk": 17, "address": "R5 6-13", "postal_code": "68161", "city": "Mannheim", "country": "", "consortium": 1, "latitude": "49.488122", "longitude": "8.472311", "type_status_comment": "", "requires_manual_certificate_validation": false, "administrative_contact": 18, "technical_contact": 19, "website_url": "http://www.ids-mannheim.de/", "description": "Providing long-term storage of Germanic language resources.", "expertise": "language archives, linguistic tools, long-term preservation, multimedia and multimodal data \t", "type_certificate_url": "http://hdl.handle.net/1839/00-DOCS.CLARIN.EU-90", "dsa_url": "https://assessment.datasealofapproval.org/assessment_85/seal/html/", "pid_status": "Handle (own server and prefix: 10932).", "long_term_archiving_policy": "", "repository_system": "Fedora Commons", "strict_versioning": true, "type": [1], "type_certification_status_fk": [], "assessmentdates": [], "monitoring_contacts": [39]}}, {"model": "centre_registry.centre", "pk": 12, "fields": {"name": "Rechenzentrum Garching", "shorthand": "RZG", "organisation_fk": 24, "address": "Boltzmannstraße 2", "postal_code": "85748", "city": "Garching", "country": "", "consortium": 1, "latitude": "48.263477", "longitude": "11.671697", "type_status_comment": "", "requires_manual_certificate_validation": false, "administrative_contact": 20, "technical_contact": 21, "website_url": "http://www.rzg.mpg.de/", "description": "", "expertise": "data storage", "type_certificate_url": "", "dsa_url": "", "pid_status": "", "long_term_archiving_policy": "", "repository_system": "", "strict_versioning": false, "type": [2], "type_certification_status_fk": [], "assessmentdates": [], "monitoring_contacts": []}}, {"model": "centre_registry.centre", "pk": 13, "fields": {"name": "Universität des Saarlandes ", "shorthand": "UdS", "organisation_fk": 28, "address": "Campus A2.2", "postal_code": "66123", "city": "Saarbrücken", "country": "", "consortium": 1, "latitude": "49.256004", "longitude": "7.039011", "type_status_comment": "", "requires_manual_certificate_validation": false, "administrative_contact": 22, "technical_contact": 23, "website_url": "http://fedora.clarin-d.uni-saarland.de/", "description": "", "expertise": "Creation and annotation of corpora, empirical corpus linguistics, language variation and register analysis.", "type_certificate_url": "http://hdl.handle.net/1839/00-DOCS.CLARIN.EU-92", "dsa_url": "https://assessment.datasealofapproval.org/assessment_84/seal/html/", "pid_status": "Handle via EPIC.", "long_term_archiving_policy": "", "repository_system": "Fedora Commons", "strict_versioning": false, "type": [1], "type_certification_status_fk": [], "assessmentdates": [], "monitoring_contacts": []}}, {"model": "centre_registry.centre", "pk": 14, "fields": {"name": "The CLARIN Centre at University of Copenhagen", "shorthand": "CLARIN-DK-UCPH", "organisation_fk": 6, "address": "Njalsgade 140", "postal_code": "2300", "city": "København", "country": "", "consortium": 4, "latitude": "55.661566", "longitude": "12.591780", "type_status_comment": "", "requires_manual_certificate_validation": false, "administrative_contact": 24, "technical_contact": 25, "website_url": "http://clarin.dk/", "description": "", "expertise": "multimodal communication, corpus linguistics, text tools", "type_certificate_url": "http://hdl.handle.net/1839/00-DOCS.CLARIN.EU-100", "dsa_url": "https://assessment.datasealofapproval.org/assessment_105/seal/html/", "pid_status": "Handle (own server and prefix: 11221).", "long_term_archiving_policy": "", "repository_system": "eSciDoc, based on Fedora Commons.", "strict_versioning": true, "type": [1], "type_certification_status_fk": [], "assessmentdates": [], "monitoring_contacts": [39, 49]}}, {"model": "centre_registry.centre", "pk": 15, "fields": {"name": "Center of Estonian Language Resources", "shorthand": "CELR/EKK", "organisation_fk": 5, "address": "Juhan Liivi 2-340", "postal_code": "50409", "city": "Tartu", "country": "", "consortium": 5, "latitude": "58.378389", "longitude": "26.714716", "type_status_comment": "Aiming for B. ", "requires_manual_certificate_validation": false, "administrative_contact": 26, "technical_contact": 27, "website_url": "http://www.keeleressursid.ee/", "description": "", "expertise": "corpora, lexica, tools, Estonian", "type_certificate_url": "", "dsa_url": "", "pid_status": "Handle (own server and prefix: 11297).", "long_term_archiving_policy": "", "repository_system": "Fedora Commons", "strict_versioning": false, "type": [3], "type_certification_status_fk": [], "assessmentdates": [], "monitoring_contacts": [39, 49]}}, {"model": "centre_registry.centre", "pk": 16, "fields": {"name": "IULA-UPF-CC-CLARIN", "shorthand": "UPF", "organisation_fk": 27, "address": "Carrer de Roc Boronat, 138", "postal_code": "08018", "city": "Barcelona", "country": "", "consortium": 6, "latitude": "41.403964", "longitude": "2.193464", "type_status_comment": "", "requires_manual_certificate_validation": false, "administrative_contact": 28, "technical_contact": 28, "website_url": "http://services.iula.upf.edu/", "description": "We offer harvestable machine readable metadata about resources and web services for text enrichement and quantitative text analysis services.", "expertise": "", "type_certificate_url": "", "dsa_url": "", "pid_status": "Handle (own server and prefix: 10230).", "long_term_archiving_policy": "", "repository_system": "DSpace", "strict_versioning": false, "type": [3], "type_certification_status_fk": [], "assessmentdates": [], "monitoring_contacts": []}}, {"model": "centre_registry.centre", "pk": 17, "fields": {"name": "The Language Bank of Finland", "shorthand": "FIN-CLARIN", "organisation_fk": 12, "address": "Unioninkatu 40", "postal_code": "00170", "city": "Helsinki", "country": "", "consortium": 7, "latitude": "60.172839", "longitude": "24.950366", "type_status_comment": "Aiming for B.", "requires_manual_certificate_validation": false, "administrative_contact": 29, "technical_contact": 30, "website_url": "http://www.kielipankki.fi/", "description": "Offers Finnish META-SHARE content.", "expertise": "computational linguistics, finite-state morphology, dependency parsing, corpora, WordNet", "type_certificate_url": "", "dsa_url": "", "pid_status": "URN:NBN and Handle (prefix: 11113).", "long_term_archiving_policy": "", "repository_system": "LAT", "strict_versioning": false, "type": [3], "type_certification_status_fk": [], "assessmentdates": [], "monitoring_contacts": []}}, {"model": "centre_registry.centre", "pk": 18, "fields": {"name": "CMU-TalkBank", "shorthand": "CMU", "organisation_fk": 8, "address": "5000 Forbes Avenue", "postal_code": "PA 15213", "city": "Pittsburgh", "country": "", "consortium": 8, "latitude": "40.440988", "longitude": "-79.94231", "type_status_comment": "", "requires_manual_certificate_validation": false, "administrative_contact": 32, "technical_contact": 31, "website_url": "http://www.talkbank.org/", "description": "TalkBank data and tools.", "expertise": "", "type_certificate_url": "http://hdl.handle.net/1839/00-DOCS.CLARIN.EU-109", "dsa_url": "https://assessment.datasealofapproval.org/assessment_111/seal/html/", "pid_status": "Handle (own server and prefix: 11312).", "long_term_archiving_policy": "", "repository_system": "GIT", "strict_versioning": false, "type": [1], "type_certification_status_fk": [], "assessmentdates": [], "monitoring_contacts": []}}, {"model": "centre_registry.centre", "pk": 19, "fields": {"name": "Dutch-Flemish Human Language Technology Agency", "shorthand": "DLU", "organisation_fk": 10, "address": "Lange Voorhout 19", "postal_code": "2514 EB", "city": "Den Haag", "country": "", "consortium": 9, "latitude": "52.082325", "longitude": "4.312237", "type_status_comment": "Aiming for B.", "requires_manual_certificate_validation": false, "administrative_contact": 33, "technical_contact": 33, "website_url": "http://www.tst-centrale.org/", "description": "The HLT Agency manages, maintains, distributes and supports digital Dutch language resources such as corpora, lexica and tools. The HLT Agency is the Dutch Language Union's CLARIN Centre. ", "expertise": "", "type_certificate_url": "", "dsa_url": "", "pid_status": "", "long_term_archiving_policy": "", "repository_system": "", "strict_versioning": false, "type": [3], "type_certification_status_fk": [], "assessmentdates": [], "monitoring_contacts": []}}, {"model": "centre_registry.centre", "pk": 20, "fields": {"name": "Data Archiving and Networked Services", "shorthand": "DANS", "organisation_fk": 9, "address": "Anna van Saksenlaan 51", "postal_code": "2593 HW", "city": "Den Haag", "country": "", "consortium": 10, "latitude": "52.080776", "longitude": "4.345627", "type_status_comment": "Aiming for B.", "requires_manual_certificate_validation": false, "administrative_contact": 34, "technical_contact": 34, "website_url": "http://dans.knaw.nl/", "description": "", "expertise": "Sustainable access to digital research data, training and advice, and performs research into sustained access to digital information.", "type_certificate_url": "", "dsa_url": "", "pid_status": "", "long_term_archiving_policy": "", "repository_system": "EASY, based on Fedora Commons.", "strict_versioning": false, "type": [3], "type_certification_status_fk": [], "assessmentdates": [], "monitoring_contacts": [39, 49]}}, {"model": "centre_registry.centre", "pk": 21, "fields": {"name": "Huygens ING", "shorthand": "Huygens", "organisation_fk": 16, "address": "Prins Willem-Alexanderhof 5", "postal_code": "2595 BE", "city": "Den Haag", "country": "", "consortium": 10, "latitude": "52.081972", "longitude": "4.327001", "type_status_comment": "", "requires_manual_certificate_validation": false, "administrative_contact": 35, "technical_contact": 35, "website_url": "http://www.huygens.knaw.nl/", "description": "", "expertise": "political and institutional history, literature and letters, history of science", "type_certificate_url": "http://hdl.handle.net/1839/00-DOCS.CLARIN.EU-110", "dsa_url": "https://assessment.datasealofapproval.org/assessment_124/seal/html/", "pid_status": "Handle (own server and prefix: 11240).", "long_term_archiving_policy": "", "repository_system": "Custom.", "strict_versioning": false, "type": [1], "type_certification_status_fk": [], "assessmentdates": [], "monitoring_contacts": [39]}}, {"model": "centre_registry.centre", "pk": 22, "fields": {"name": "Instituut voor Nederlandse Lexicologie", "shorthand": "INL", "organisation_fk": 19, "address": "Matthias de Vrieshof 3", "postal_code": "2311 BZ", "city": "Leiden", "country": "", "consortium": 10, "latitude": "52.158137", "longitude": "4.480772", "type_status_comment": "", "requires_manual_certificate_validation": false, "administrative_contact": 36, "technical_contact": 37, "website_url": "http://www.inl.nl/", "description": "", "expertise": "knowledge bank of Dutch vocabulary, the Dutch Language Database, large Dutch corpora, all areas of Dutch linguistics, corpus linguistics, language resource standards, Toolbox for Lexicon Building", "type_certificate_url": "", "dsa_url": "https://assessment.datasealofapproval.org/assessment_106/seal/html/", "pid_status": "Handle (own server and prefix: 10032).", "long_term_archiving_policy": "", "repository_system": "DSpace", "strict_versioning": false, "type": [1], "type_certification_status_fk": [], "assessmentdates": [], "monitoring_contacts": []}}, {"model": "centre_registry.centre", "pk": 23, "fields": {"name": "Meertens Instituut", "shorthand": "MI", "organisation_fk": 21, "address": "Joan Muyskenweg 25", "postal_code": "1096 CJ", "city": "Amsterdam", "country": "", "consortium": 10, "latitude": "52.331909", "longitude": "4.914635", "type_status_comment": "", "requires_manual_certificate_validation": false, "administrative_contact": 38, "technical_contact": 38, "website_url": "http://www.meertens.knaw.nl/", "description": "", "expertise": "language variation and culture", "type_certificate_url": "http://hdl.handle.net/1839/00-DOCS.CLARIN.EU-106", "dsa_url": "https://assessment.datasealofapproval.org/assessment_100/seal/html/", "pid_status": "Handle via EPIC (own prefix: 10744).", "long_term_archiving_policy": "Providing long-term archiving services.", "repository_system": "Custom.", "strict_versioning": false, "type": [1], "type_certification_status_fk": [], "assessmentdates": [], "monitoring_contacts": []}}, {"model": "centre_registry.centre", "pk": 24, "fields": {"name": "MPI for Psycholinguistics", "shorthand": "MPI-PL", "organisation_fk": 22, "address": "Wundtlaan 1", "postal_code": "6525 XD", "city": "Nijmegen", "country": "", "consortium": 1, "latitude": "51.818046", "longitude": "5.857079", "type_status_comment": "", "requires_manual_certificate_validation": false, "administrative_contact": 39, "technical_contact": 39, "website_url": "https://tla.mpi.nl/", "description": "", "expertise": "language archives, linguistic tools, long-term preservation, multimedia and multimodal data", "type_certificate_url": "http://hdl.handle.net/1839/00-DOCS.CLARIN.EU-91", "dsa_url": "https://assessment.datasealofapproval.org/assessment_48/seal/html", "pid_status": "Handle (own server and prefix: 1839). ", "long_term_archiving_policy": "Long-term preservation.", "repository_system": "LAT", "strict_versioning": true, "type": [1], "type_certification_status_fk": [], "assessmentdates": [], "monitoring_contacts": [39]}}, {"model": "centre_registry.centre", "pk": 25, "fields": {"name": "CLARIN-PL Language Technology Centre", "shorthand": "CLARIN-PL1", "organisation_fk": 7, "address": "wybrzeże Stanisława Wyspiańskiego 27", "postal_code": "50-370", "city": "Wrocław", "country": "", "consortium": 11, "latitude": "51.107122", "longitude": "17.063023", "type_status_comment": "Aiming for B. ", "requires_manual_certificate_validation": false, "administrative_contact": 40, "technical_contact": 41, "website_url": "http://nlp.pwr.wroc.pl/en/projects/clarin", "description": "Main Centre in CLARIN-PL, providing infrastructural services and access to CLARIN-PL language resources. ", "expertise": "various domains of language technology, language engineering, computational linguistics, lexicography\t", "type_certificate_url": "", "dsa_url": "https://assessment.datasealofapproval.org/assessment_149/seal/html/", "pid_status": "Planned, Handle via EPIC.", "long_term_archiving_policy": "", "repository_system": "DSpace, LINDAT/CLARIN extensions", "strict_versioning": false, "type": [3], "type_certification_status_fk": [], "assessmentdates": [], "monitoring_contacts": [39, 49]}}, {"model": "centre_registry.centre", "pk": 26, "fields": {"name": "Oxford Text Archive", "shorthand": "OTA", "organisation_fk": 23, "address": "16 Wellington Square", "postal_code": "OX1 2HY", "city": "Oxford", "country": "", "consortium": 12, "latitude": "51.757571", "longitude": "-1.261824", "type_status_comment": "Aiming for B.", "requires_manual_certificate_validation": false, "administrative_contact": 42, "technical_contact": 42, "website_url": "http://ota.ahds.ac.uk/", "description": "", "expertise": "TEI, text corpora, historic texts", "type_certificate_url": "", "dsa_url": "", "pid_status": "", "long_term_archiving_policy": "", "repository_system": "Custom.", "strict_versioning": false, "type": [3], "type_certification_status_fk": [], "assessmentdates": [], "monitoring_contacts": []}}, {"model": "centre_registry.centre", "pk": 27, "fields": {"name": "Utrecht Institute of Linguistics OTS", "shorthand": "UIL-OTS", "organisation_fk": 26, "address": "Trans 10", "postal_code": "3512 JK ", "city": "Utrecht", "country": "", "consortium": 10, "latitude": "52.090132", "longitude": "5.122917", "type_status_comment": "Trust Centre, no standard assessment in place", "requires_manual_certificate_validation": false, "administrative_contact": 43, "technical_contact": 44, "website_url": "http://portal.clarin.nl/", "description": "", "expertise": "", "type_certificate_url": "", "dsa_url": "", "pid_status": "", "long_term_archiving_policy": "", "repository_system": "Drupal, but only hosting documentation resources", "strict_versioning": false, "type": [2], "type_certification_status_fk": [], "assessmentdates": [], "monitoring_contacts": [39]}}, {"model": "centre_registry.centre", "pk": 28, "fields": {"name": "Speech & Language Data Repository", "shorthand": "SLDR", "organisation_fk": 25, "address": "5 avenue Pasteur", "postal_code": "13100", "city": "Aix-en-Provence", "country": "", "consortium": 17, "latitude": "43.535070", "longitude": "5.446179", "type_status_comment": "", "requires_manual_certificate_validation": false, "administrative_contact": 45, "technical_contact": 46, "website_url": "http://sldr.org/", "description": "SLDR is a repository for oral and linguistic resources aimed at their long-term preservation and sharing", "expertise": "oral and linguistic resources", "type_certificate_url": "", "dsa_url": "", "pid_status": "Handle", "long_term_archiving_policy": "", "repository_system": "Self-developed", "strict_versioning": true, "type": [3], "type_certification_status_fk": [], "assessmentdates": [], "monitoring_contacts": []}}, {"model": "centre_registry.urlreference", "pk": 2, "fields": {"centre": 1, "description": "B-certificate", "url": "http://hdl.handle.net/1839/00-DOCS.CLARIN.EU-87"}}, {"model": "centre_registry.urlreference", "pk": 3, "fields": {"centre": 1, "description": "Repository", "url": "http://www.sfs.uni-tuebingen.de/ascl/clarin-center/repository.html"}}, {"model": "centre_registry.urlreference", "pk": 4, "fields": {"centre": 21, "description": "B-certificate", "url": "http://hdl.handle.net/1839/00-DOCS.CLARIN.EU-110"}}, {"model": "centre_registry.urlreference", "pk": 5, "fields": {"centre": 18, "description": "B-certificate", "url": "http://hdl.handle.net/1839/00-DOCS.CLARIN.EU-109"}}, {"model": "centre_registry.oaipmhendpointset", "pk": 1, "fields": {"set_spec": "hdl_11858_00-097C-0000-0023-8C33-2", "set_type": "WebLicht"}}, {"model": "centre_registry.oaipmhendpointset", "pk": 2, "fields": {"set_spec": "oai:webservices", "set_type": "WebLicht"}}, {"model": "centre_registry.oaipmhendpointset", "pk": 3, "fields": {"set_spec": "WebLichtWebServices", "set_type": "WebLicht"}}, {"model": "centre_registry.oaipmhendpointset", "pk": 4, "fields": {"set_spec": "Weblicht", "set_type": "WebLicht"}}, {"model": "centre_registry.oaipmhendpoint", "pk": 1, "fields": {"centre": 1, "uri": "http://weblicht.sfs.uni-tuebingen.de/oaiprovider/", "note": "", "oai_pmh_sets": [3]}}, {"model": "centre_registry.oaipmhendpoint", "pk": 2, "fields": {"centre": 4, "uri": "http://clarinoai.informatik.uni-leipzig.de:8080/oaiprovider/oai", "note": "", "oai_pmh_sets": [2]}}, {"model": "centre_registry.oaipmhendpoint", "pk": 3, "fields": {"centre": 5, "uri": "http://www.phonetik.uni-muenchen.de/cgi-bin/BASRepository/oaipmh/oai.pl", "note": "", "oai_pmh_sets": [4]}}, {"model": "centre_registry.oaipmhendpoint", "pk": 4, "fields": {"centre": 11, "uri": "http://repos.ids-mannheim.de/oaiprovider/", "note": "", "oai_pmh_sets": []}}, {"model": "centre_registry.oaipmhendpoint", "pk": 5, "fields": {"centre": 24, "uri": "http://corpus1.mpi.nl/ds/oaiprovider/oai2", "note": "", "oai_pmh_sets": []}}, {"model": "centre_registry.oaipmhendpoint", "pk": 6, "fields": {"centre": 13, "uri": "http://fedora.clarin-d.uni-saarland.de/oaiprovider/", "note": "", "oai_pmh_sets": []}}, {"model": "centre_registry.oaipmhendpoint", "pk": 7, "fields": {"centre": 6, "uri": "http://clarin.bbaw.de:8088/oaiprovider", "note": "", "oai_pmh_sets": [3]}}, {"model": "centre_registry.oaipmhendpoint", "pk": 8, "fields": {"centre": 9, "uri": "http://virt-fedora.multilingua.uni-hamburg.de:8080/oaiprovider/", "note": "", "oai_pmh_sets": []}}, {"model": "centre_registry.oaipmhendpoint", "pk": 9, "fields": {"centre": 10, "uri": "http://clarin04.ims.uni-stuttgart.de/oaiprovider/oai", "note": "", "oai_pmh_sets": []}}, {"model": "centre_registry.oaipmhendpoint", "pk": 10, "fields": {"centre": 21, "uri": "http://oaipmh.huygens.knaw.nl/oai", "note": "", "oai_pmh_sets": []}}, {"model": "centre_registry.oaipmhendpoint", "pk": 11, "fields": {"centre": 3, "uri": "https://lindat.mff.cuni.cz/repository/oai/request", "note": "", "oai_pmh_sets": [1]}}, {"model": "centre_registry.oaipmhendpoint", "pk": 12, "fields": {"centre": 22, "uri": "http://repository.dev.clarin.inl.nl/oai/oai_server.php", "note": "", "oai_pmh_sets": []}}, {"model": "centre_registry.oaipmhendpoint", "pk": 13, "fields": {"centre": 23, "uri": "http://www.meertens.knaw.nl/oai/oai_server.php", "note": "", "oai_pmh_sets": []}}, {"model": "centre_registry.oaipmhendpoint", "pk": 14, "fields": {"centre": 15, "uri": "http://register.keeleressursid.ee/oaiprovider/oai", "note": "", "oai_pmh_sets": []}}, {"model": "centre_registry.oaipmhendpoint", "pk": 15, "fields": {"centre": 2, "uri": "http://clarin.oeaw.ac.at/oaiprovider", "note": "", "oai_pmh_sets": []}}, {"model": "centre_registry.oaipmhendpoint", "pk": 16, "fields": {"centre": 25, "uri": "https://clarin-pl.eu/oai/request", "note": "", "oai_pmh_sets": []}}, {"model": "centre_registry.oaipmhendpoint", "pk": 17, "fields": {"centre": 17, "uri": "http://metalb.csc.fi/cgi-bin/que", "note": "", "oai_pmh_sets": []}}, {"model": "centre_registry.oaipmhendpoint", "pk": 18, "fields": {"centre": 18, "uri": "http://alpha.talkbank.org:8089/talkbank-oai/provider", "note": "", "oai_pmh_sets": []}}, {"model": "centre_registry.oaipmhendpoint", "pk": 19, "fields": {"centre": 26, "uri": "http://www.ota.ox.ac.uk/cgi-bin/oai.pl", "note": "", "oai_pmh_sets": []}}, {"model": "centre_registry.oaipmhendpoint", "pk": 20, "fields": {"centre": 14, "uri": "http://clarin.dk/oaiprovider/", "note": "", "oai_pmh_sets": []}}, {"model": "centre_registry.oaipmhendpoint", "pk": 21, "fields": {"centre": 1, "uri": "https://repository.sfb833.uni-tuebingen.de:8443/oaiprovider/", "note": "", "oai_pmh_sets": []}}, {"model": "centre_registry.oaipmhendpoint", "pk": 22, "fields": {"centre": 18, "uri": "http://alpha.talkbank.org:8089/childes-oai/provider", "note": "", "oai_pmh_sets": []}}, {"model": "centre_registry.oaipmhendpoint", "pk": 23, "fields": {"centre": 20, "uri": "http://oai.clarin-beta.dans.knaw.nl/OAIHandler", "note": "", "oai_pmh_sets": []}}, {"model": "centre_registry.oaipmhendpoint", "pk": 24, "fields": {"centre": 16, "uri": "http://ws02.iula.upf.edu/corpus_data/oai-iula/oai.pl", "note": "", "oai_pmh_sets": []}}, {"model": "centre_registry.oaipmhendpoint", "pk": 25, "fields": {"centre": null, "uri": "http://oaipmhendpoint.test.no.centre.nl/", "note": "Test note to be displayed as tooltip", "oai_pmh_sets": []}}, {"model": "centre_registry.fcsendpoint", "pk": 1, "fields": {"centre": 1, "uri": "http://weblicht.sfs.uni-tuebingen.de/rws/sru/", "note": ""}}, {"model": "centre_registry.fcsendpoint", "pk": 3, "fields": {"centre": 3, "uri": "https://lindat.mff.cuni.cz/services/fcs-kontext", "note": ""}}, {"model": "centre_registry.fcsendpoint", "pk": 4, "fields": {"centre": 3, "uri": "https://lindat.mff.cuni.cz/services/fcs-bonito", "note": ""}}, {"model": "centre_registry.fcsendpoint", "pk": 5, "fields": {"centre": 4, "uri": "http://clarinws.informatik.uni-leipzig.de:8080/CQL", "note": ""}}, {"model": "centre_registry.fcsendpoint", "pk": 6, "fields": {"centre": 5, "uri": "https://clarin.phonetik.uni-muenchen.de/BASSRU/", "note": ""}}, {"model": "centre_registry.fcsendpoint", "pk": 7, "fields": {"centre": 6, "uri": "http://dspin.dwds.de:8088/ddc-sru/dingler/", "note": ""}}, {"model": "centre_registry.fcsendpoint", "pk": 8, "fields": {"centre": 6, "uri": "http://dspin.dwds.de:8088/ddc-sru/c4/", "note": ""}}, {"model": "centre_registry.fcsendpoint", "pk": 9, "fields": {"centre": 6, "uri": "http://dspin.dwds.de:8088/ddc-sru/dta/", "note": ""}}, {"model": "centre_registry.fcsendpoint", "pk": 10, "fields": {"centre": 9, "uri": "http://virt-fedora.multilingua.uni-hamburg.de:8080/HZSKsru/", "note": ""}}, {"model": "centre_registry.fcsendpoint", "pk": 11, "fields": {"centre": 10, "uri": "http://clarin01.ims.uni-stuttgart.de/SRUCQIBridge", "note": ""}}, {"model": "centre_registry.fcsendpoint", "pk": 12, "fields": {"centre": 11, "uri": "http://clarin.ids-mannheim.de/cosmassru", "note": ""}}, {"model": "centre_registry.fcsendpoint", "pk": 13, "fields": {"centre": 11, "uri": "http://clarin.ids-mannheim.de/digibibsru", "note": ""}}, {"model": "centre_registry.fcsendpoint", "pk": 14, "fields": {"centre": 11, "uri": "http://clarin.ids-mannheim.de/korapsru", "note": ""}}, {"model": "centre_registry.fcsendpoint", "pk": 15, "fields": {"centre": 13, "uri": "http://fedora.clarin-d.uni-saarland.de/sru/", "note": ""}}, {"model": "centre_registry.fcsendpoint", "pk": 16, "fields": {"centre": 13, "uri": "http://fedora.clarin-d.uni-saarland.de/sru2/", "note": ""}}, {"model": "centre_registry.fcsendpoint", "pk": 17, "fields": {"centre": 13, "uri": "http://fedora.clarin-d.uni-saarland.de/sru3/", "note": ""}}, {"model": "centre_registry.fcsendpoint", "pk": 18, "fields": {"centre": 20, "uri": "http://srucql.dans.knaw.nl/", "note": ""}}, {"model": "centre_registry.fcsendpoint", "pk": 19, "fields": {"centre": 24, "uri": "http://cqlservlet.mpi.nl/", "note": ""}}, {"model": "centre_registry.fcsendpoint", "pk": 21, "fields": {"centre": 25, "uri": "http://fcs.clarin-pl.eu/bonito/run.cgi/fcs", "note": ""}}, {"model": "centre_registry.fcsendpoint", "pk": 22, "fields": {"centre": null, "uri": "https://fcsendpoint.no.centre.test.nl/", "note": "Note to be displayed as tooltip"}}, {"model": "centre_registry.samlserviceprovider", "pk": 1, "fields": {"entity_id": "https://weblicht.sfs.uni-tuebingen.de", "centre": 1, "status_url": "https://weblicht.sfs.uni-tuebingen.de/Shibboleth.sso/Status", "production_status": true, "note": ""}}, {"model": "centre_registry.samlserviceprovider", "pk": 2, "fields": {"entity_id": "http://sp.lat.csc.fi", "centre": 17, "status_url": "https://lat.csc.fi/Shibboleth.sso/Status", "production_status": true, "note": ""}}, {"model": "centre_registry.samlserviceprovider", "pk": 3, "fields": {"entity_id": "https://clarin.ids-mannheim.de/shibboleth", "centre": 11, "status_url": "https://clarin.ids-mannheim.de/Shibboleth.sso/Status", "production_status": true, "note": ""}}, {"model": "centre_registry.samlserviceprovider", "pk": 4, "fields": {"entity_id": "https://clarin.oeaw.ac.at/shibboleth", "centre": 2, "status_url": "https://clarin.oeaw.ac.at/Shibboleth.sso/Status", "production_status": true, "note": ""}}, {"model": "centre_registry.samlserviceprovider", "pk": 5, "fields": {"entity_id": "https://clarin.phonetik.uni-muenchen.de", "centre": 5, "status_url": "https://clarin.phonetik.uni-muenchen.de/Shibboleth.sso/Status", "production_status": true, "note": ""}}, {"model": "centre_registry.samlserviceprovider", "pk": 6, "fields": {"entity_id": "https://ekrksso.keeleressursid.ee/simplesaml/module.php/saml/sp/metadata.php/ekrk-sp", "centre": 15, "status_url": "https://ekrksso.keeleressursid.ee/simplesaml/module.php/sanitycheck/index.php", "production_status": true, "note": ""}}, {"model": "centre_registry.samlserviceprovider", "pk": 7, "fields": {"entity_id": "https://infra.clarin.dk/shibboleth", "centre": 14, "status_url": "https://infra.clarin.dk/Shibboleth.sso/Status", "production_status": true, "note": ""}}, {"model": "centre_registry.samlserviceprovider", "pk": 8, "fields": {"entity_id": "https://openskos.meertens.knaw.nl/shibboleth", "centre": 23, "status_url": "https://openskos.meertens.knaw.nl/Shibboleth.sso/Status", "production_status": true, "note": ""}}, {"model": "centre_registry.samlserviceprovider", "pk": 9, "fields": {"entity_id": "https://portal.clarin.inl.nl/", "centre": 22, "status_url": "https://portal.clarin.inl.nl/Shibboleth.sso/Status", "production_status": true, "note": ""}}, {"model": "centre_registry.samlserviceprovider", "pk": 10, "fields": {"entity_id": "https://repos.ids-mannheim.de/shibboleth", "centre": 11, "status_url": "https://repos.ids-mannheim.de/Shibboleth.sso/Status", "production_status": true, "note": ""}}, {"model": "centre_registry.samlserviceprovider", "pk": 11, "fields": {"entity_id": "https://secure.huygens.knaw.nl", "centre": 21, "status_url": "", "production_status": true, "note": ""}}, {"model": "centre_registry.samlserviceprovider", "pk": 12, "fields": {"entity_id": "https://shibboleth.bbaw.de/shibboleth", "centre": 6, "status_url": "https://shibboleth.bbaw.de/Shibboleth.sso/Status", "production_status": true, "note": ""}}, {"model": "centre_registry.samlserviceprovider", "pk": 13, "fields": {"entity_id": "https://sp.catalog.clarin.eu", "centre": 24, "status_url": "https://catalog.clarin.eu/Shibboleth.sso/Status", "production_status": true, "note": ""}}, {"model": "centre_registry.samlserviceprovider", "pk": 14, "fields": {"entity_id": "https://sp.corpus1.mpi.nl", "centre": 24, "status_url": "https://corpus1.mpi.nl/Shibboleth.sso/Status", "production_status": true, "note": ""}}, {"model": "centre_registry.samlserviceprovider", "pk": 15, "fields": {"entity_id": "https://sp.korp.csc.fi/", "centre": 17, "status_url": "https://korp.csc.fi/Shibboleth.sso/Status", "production_status": true, "note": ""}}, {"model": "centre_registry.samlserviceprovider", "pk": 16, "fields": {"entity_id": "https://sp.lux17.mpi.nl", "centre": 24, "status_url": "https://lux17.mpi.nl/Shibboleth.sso/Status", "production_status": true, "note": ""}}, {"model": "centre_registry.samlserviceprovider", "pk": 17, "fields": {"entity_id": "https://talkbank.talkbank.org/shibboleth", "centre": 18, "status_url": "https://talkbank.talkbank.org/Shibboleth.sso/Status", "production_status": true, "note": ""}}, {"model": "centre_registry.samlserviceprovider", "pk": 18, "fields": {"entity_id": "https://ufal-point.mff.cuni.cz/shibboleth/eduid/sp", "centre": 3, "status_url": "https://lindat.mff.cuni.cz/secure/shib_test.pl", "production_status": true, "note": ""}}, {"model": "centre_registry.samlserviceprovider", "pk": 19, "fields": {"entity_id": "https://www.meertens.knaw.nl/Shibboleth.sso/Metadata", "centre": 23, "status_url": "https://www.meertens.knaw.nl/Shibboleth.sso/Status", "production_status": true, "note": ""}}, {"model": "centre_registry.samlserviceprovider", "pk": 20, "fields": {"entity_id": "https://dev.clarin.nl/shibboleth", "centre": 27, "status_url": "https://engine.surfconext.nl/authentication/idp/single-sign-on/key:default?SAMLRequest=fVJbT8IwFP4rS99Zt4mCDSOZECMJKmHogy%2BmdGessZzOns7Lv3cbXjAxJn1q%0Av%2FPdTick96YWWeMrXMNzA%2BSDt71BEv1DyhqHwkrSJFDugYRXIs%2BulyIJI1E7%0A662yhgUZETivLc4sUrMHl4N70Qru1suUVd7XJDgv4CVURjqNIRqeV3q7tQZ8%0AFRJZ3pEmfHWbb1gwb11olB3fzzTgTiOE1LhSWYQ335HI1jeg16oHc13UnDTu%0ADAxI73DQXj3BuyiglI3xLLi0TkGfNWUxCxbzlD0O4yI6Hau4VGejE0jisoRi%0AG0dRNC5GcjwatTCiBhZIXqJPWRLFp4Moac8mOhfDM3Fy%2FsCC1WcVFxqL1sD%2F%0AvW0PIBJXm81qcMh8D476vC2ATSdd%2B6IXdkf7%2BJ9Wfi2BTf%2BunL4rn%2FAjgYNa%0ALW5axsV8ZY1W70FmjH2dOZAeuq749DDy%2B6tMPwA%3D%0A&RelayState=cookie%3Ad3672822", "production_status": true, "note": ""}}, {"model": "centre_registry.samlserviceprovider", "pk": 21, "fields": {"entity_id": "https://samlserviceprovider.id.nocentre.test.nl/", "centre": null, "status_url": "https://samlserviceprovider.statusurl.nocentre.test.nl/", "production_status": true, "note": "Test note to be displayed as a tooltip"}}, {"model": "centre_registry.samlidentityfederation", "pk": 1, "fields": {"shorthand": "DFN-AAI", "information_url": "https://www.aai.dfn.de/teilnahme/metadaten/", "saml_metadata_url": "https://www.aai.dfn.de/fileadmin/metadata/DFN-AAI-metadata.xml", "signing_key": ""}}, {"model": "centre_registry.samlidentityfederation", "pk": 3, "fields": {"shorthand": "SURFconext", "information_url": "https://wiki.surfnet.nl/display/surfconextdev/Get+Conexted", "saml_metadata_url": "https://engine.surfconext.nl/authentication/proxy/idps-metadata", "signing_key": ""}}, {"model": "centre_registry.samlidentityfederation", "pk": 4, "fields": {"shorthand": "Haka", "information_url": "https://confluence.csc.fi/x/9IIUAg", "saml_metadata_url": "https://haka.funet.fi/metadata/haka-metadata.xml", "signing_key": ""}}, {"model": "centre_registry.samlidentityfederation", "pk": 5, "fields": {"shorthand": "Kalmar Union", "information_url": "https://www.kalmar2.org/kalmar2web/tech_info.html", "saml_metadata_url": "https://kalmar2.org/simplesaml/module.php/aggregator/?id=kalmarcentral2&set=saml2", "signing_key": ""}}, {"model": "centre_registry.samlidentityfederation", "pk": 6, "fields": {"shorthand": "Belnet", "information_url": "http://federation.belnet.be/", "saml_metadata_url": "https://federation.belnet.be/federation-metadata.xml", "signing_key": ""}}, {"model": "centre_registry.samlidentityfederation", "pk": 7, "fields": {"shorthand": "eduID.cz", "information_url": "http://eduid.cz/en/tech/summary", "saml_metadata_url": "https://metadata.eduid.cz/entities/eduid", "signing_key": ""}}, {"model": "centre_registry.samlidentityfederation", "pk": 8, "fields": {"shorthand": "CLARIN IdP", "information_url": "http://www.clarin.eu/content/clarin-identity-provider", "saml_metadata_url": "https://infra.clarin.eu/aai/md_about_spf_sps.xml", "signing_key": ""}}, {"model": "centre_registry.samlidentityfederation", "pk": 9, "fields": {"shorthand": "ACOnet", "information_url": "https://www.aco.net/federation.html?&L=1", "saml_metadata_url": "https://eduid.at/md/aconet-registered.xml", "signing_key": ""}}]